{'Write Debug Log': 'true', 'Contempt': 0, 'Min Split Depth': 0, 'Threads': 14, 'Ponder': 'false', 'Hash': 104537, 'MultiPV': 1, 'Skill Level': 20, 'Move Overhead': 30, 'Minimum Thinking Time': 20, 'Slow Mover': 80, 'UCI_Chess960': 'true', 'UCI_LimitStrength': 'false', 'UCI_Elo': 1350}04:16:18 PM

bbqnnrkr/pppppppp/8/8/8/8/PPPPPPPP/BBQNNRKR w KQkq - 0 1	b2b4	04:16:36 PM
bqnbnrkr/pppppppp/8/8/8/8/PPPPPPPP/BQNBNRKR w KQkq - 0 1	c2c4	04:16:50 PM
bqnnrbkr/pppppppp/8/8/8/8/PPPPPPPP/BQNNRBKR w KQkq - 0 1	d2d4	04:17:03 PM
bqnnrkrb/pppppppp/8/8/8/8/PPPPPPPP/BQNNRKRB w KQkq - 0 1	f1g1	04:17:22 PM
qbbnnrkr/pppppppp/8/8/8/8/PPPPPPPP/QBBNNRKR w KQkq - 0 1	d2d4	04:17:36 PM
qnbbnrkr/pppppppp/8/8/8/8/PPPPPPPP/QNBBNRKR w KQkq - 0 1	c2c4	04:17:58 PM
qnbnrbkr/pppppppp/8/8/8/8/PPPPPPPP/QNBNRBKR w KQkq - 0 1	d2d4	04:18:11 PM
qnbnrkrb/pppppppp/8/8/8/8/PPPPPPPP/QNBNRKRB w KQkq - 0 1	d2d4	04:18:37 PM
qbnnbrkr/pppppppp/8/8/8/8/PPPPPPPP/QBNNBRKR w KQkq - 0 1	d2d4	04:18:53 PM
qnnbbrkr/pppppppp/8/8/8/8/PPPPPPPP/QNNBBRKR w KQkq - 0 1	c2c4	04:19:12 PM
qnnrbbkr/pppppppp/8/8/8/8/PPPPPPPP/QNNRBBKR w KQkq - 0 1	c2c4	04:19:20 PM
qnnrbkrb/pppppppp/8/8/8/8/PPPPPPPP/QNNRBKRB w KQkq - 0 1	c2c4	04:19:33 PM
qbnnrkbr/pppppppp/8/8/8/8/PPPPPPPP/QBNNRKBR w KQkq - 0 1	e2e4	04:19:40 PM
qnnbrkbr/pppppppp/8/8/8/8/PPPPPPPP/QNNBRKBR w KQkq - 0 1	d2d4	04:19:55 PM
qnnrkbbr/pppppppp/8/8/8/8/PPPPPPPP/QNNRKBBR w KQkq - 0 1	d2d4	04:20:13 PM
qnnrkrbb/pppppppp/8/8/8/8/PPPPPPPP/QNNRKRBB w KQkq - 0 1	h2h3	04:20:34 PM
bbnqnrkr/pppppppp/8/8/8/8/PPPPPPPP/BBNQNRKR w KQkq - 0 1	d2d4	04:20:48 PM
bnqbnrkr/pppppppp/8/8/8/8/PPPPPPPP/BNQBNRKR w KQkq - 0 1	h2h4	04:21:05 PM
bnqnrbkr/pppppppp/8/8/8/8/PPPPPPPP/BNQNRBKR w KQkq - 0 1	d2d4	04:21:16 PM
bnqnrkrb/pppppppp/8/8/8/8/PPPPPPPP/BNQNRKRB w KQkq - 0 1	d2d4	04:21:36 PM
nbbqnrkr/pppppppp/8/8/8/8/PPPPPPPP/NBBQNRKR w KQkq - 0 1	d2d4	04:21:48 PM
nqbbnrkr/pppppppp/8/8/8/8/PPPPPPPP/NQBBNRKR w KQkq - 0 1	e2e4	04:21:56 PM
nqbnrbkr/pppppppp/8/8/8/8/PPPPPPPP/NQBNRBKR w KQkq - 0 1	d2d4	04:22:12 PM
nqbnrkrb/pppppppp/8/8/8/8/PPPPPPPP/NQBNRKRB w KQkq - 0 1	f1g1	04:22:26 PM
nbqnbrkr/pppppppp/8/8/8/8/PPPPPPPP/NBQNBRKR w KQkq - 0 1	d2d4	04:22:39 PM
nqnbbrkr/pppppppp/8/8/8/8/PPPPPPPP/NQNBBRKR w KQkq - 0 1	c2c4	04:23:01 PM
nqnrbbkr/pppppppp/8/8/8/8/PPPPPPPP/NQNRBBKR w KQkq - 0 1	c2c4	04:23:15 PM
nqnrbkrb/pppppppp/8/8/8/8/PPPPPPPP/NQNRBKRB w KQkq - 0 1	c2c4	04:23:28 PM
nbqnrkbr/pppppppp/8/8/8/8/PPPPPPPP/NBQNRKBR w KQkq - 0 1	f2f3	04:23:42 PM
nqnbrkbr/pppppppp/8/8/8/8/PPPPPPPP/NQNBRKBR w KQkq - 0 1	e2e4	04:24:07 PM
nqnrkbbr/pppppppp/8/8/8/8/PPPPPPPP/NQNRKBBR w KQkq - 0 1	d2d4	04:24:19 PM
nqnrkrbb/pppppppp/8/8/8/8/PPPPPPPP/NQNRKRBB w KQkq - 0 1	e2e4	04:24:36 PM
bbnnqrkr/pppppppp/8/8/8/8/PPPPPPPP/BBNNQRKR w KQkq - 0 1	d2d4	04:24:52 PM
bnnbqrkr/pppppppp/8/8/8/8/PPPPPPPP/BNNBQRKR w KQkq - 0 1	h2h4	04:25:21 PM
bnnqrbkr/pppppppp/8/8/8/8/PPPPPPPP/BNNQRBKR w KQkq - 0 1	c2c4	04:25:42 PM
bnnqrkrb/pppppppp/8/8/8/8/PPPPPPPP/BNNQRKRB w KQkq - 0 1	c2c4	04:25:55 PM
nbbnqrkr/pppppppp/8/8/8/8/PPPPPPPP/NBBNQRKR w KQkq - 0 1	e2e4	04:26:08 PM
nnbbqrkr/pppppppp/8/8/8/8/PPPPPPPP/NNBBQRKR w KQkq - 0 1	e2e4	04:26:22 PM
nnbqrbkr/pppppppp/8/8/8/8/PPPPPPPP/NNBQRBKR w KQkq - 0 1	c2c4	04:26:35 PM
nnbqrkrb/pppppppp/8/8/8/8/PPPPPPPP/NNBQRKRB w KQkq - 0 1	c2c4	04:26:46 PM
nbnqbrkr/pppppppp/8/8/8/8/PPPPPPPP/NBNQBRKR w KQkq - 0 1	c2c4	04:27:05 PM
nnqbbrkr/pppppppp/8/8/8/8/PPPPPPPP/NNQBBRKR w KQkq - 0 1	c2c4	04:27:17 PM
nnqrbbkr/pppppppp/8/8/8/8/PPPPPPPP/NNQRBBKR w KQkq - 0 1	c2c4	04:27:26 PM
nnqrbkrb/pppppppp/8/8/8/8/PPPPPPPP/NNQRBKRB w KQkq - 0 1	c2c4	04:27:40 PM
nbnqrkbr/pppppppp/8/8/8/8/PPPPPPPP/NBNQRKBR w KQkq - 0 1	d2d4	04:27:54 PM
nnqbrkbr/pppppppp/8/8/8/8/PPPPPPPP/NNQBRKBR w KQkq - 0 1	e2e4	04:28:16 PM
nnqrkbbr/pppppppp/8/8/8/8/PPPPPPPP/NNQRKBBR w KQkq - 0 1	a1b3	04:28:36 PM
nnqrkrbb/pppppppp/8/8/8/8/PPPPPPPP/NNQRKRBB w KQkq - 0 1	f2f4	04:28:44 PM
bbnnrqkr/pppppppp/8/8/8/8/PPPPPPPP/BBNNRQKR w KQkq - 0 1	e2e4	04:28:59 PM
bnnbrqkr/pppppppp/8/8/8/8/PPPPPPPP/BNNBRQKR w KQkq - 0 1	d2d4	04:29:17 PM
bnnrqbkr/pppppppp/8/8/8/8/PPPPPPPP/BNNRQBKR w KQkq - 0 1	d2d4	04:29:31 PM
bnnrqkrb/pppppppp/8/8/8/8/PPPPPPPP/BNNRQKRB w KQkq - 0 1	c2c4	04:29:41 PM
nbbnrqkr/pppppppp/8/8/8/8/PPPPPPPP/NBBNRQKR w KQkq - 0 1	e2e4	04:29:52 PM
nnbbrqkr/pppppppp/8/8/8/8/PPPPPPPP/NNBBRQKR w KQkq - 0 1	e2e4	04:30:05 PM
nnbrqbkr/pppppppp/8/8/8/8/PPPPPPPP/NNBRQBKR w KQkq - 0 1	c2c4	04:30:20 PM
nnbrqkrb/pppppppp/8/8/8/8/PPPPPPPP/NNBRQKRB w KQkq - 0 1	f1g1	04:30:35 PM
nbnrbqkr/pppppppp/8/8/8/8/PPPPPPPP/NBNRBQKR w KQkq - 0 1	e2e4	04:31:01 PM
nnrbbqkr/pppppppp/8/8/8/8/PPPPPPPP/NNRBBQKR w KQkq - 0 1	d2d4	04:31:16 PM
nnrqbbkr/pppppppp/8/8/8/8/PPPPPPPP/NNRQBBKR w KQkq - 0 1	d2d4	04:31:28 PM
nnrqbkrb/pppppppp/8/8/8/8/PPPPPPPP/NNRQBKRB w KQkq - 0 1	g2g3	04:31:41 PM
nbnrqkbr/pppppppp/8/8/8/8/PPPPPPPP/NBNRQKBR w KQkq - 0 1	d2d4	04:31:50 PM
nnrbqkbr/pppppppp/8/8/8/8/PPPPPPPP/NNRBQKBR w KQkq - 0 1	f2f4	04:32:04 PM
nnrqkbbr/pppppppp/8/8/8/8/PPPPPPPP/NNRQKBBR w KQkq - 0 1	f2f4	04:32:31 PM
nnrqkrbb/pppppppp/8/8/8/8/PPPPPPPP/NNRQKRBB w KQkq - 0 1	g2g3	04:33:01 PM
bbnnrkqr/pppppppp/8/8/8/8/PPPPPPPP/BBNNRKQR w KQkq - 0 1	f2f3	04:33:14 PM
bnnbrkqr/pppppppp/8/8/8/8/PPPPPPPP/BNNBRKQR w KQkq - 0 1	b2b3	04:33:35 PM
bnnrkbqr/pppppppp/8/8/8/8/PPPPPPPP/BNNRKBQR w KQkq - 0 1	e2e4	04:33:55 PM
bnnrkqrb/pppppppp/8/8/8/8/PPPPPPPP/BNNRKQRB w KQkq - 0 1	d2d4	04:34:03 PM
nbbnrkqr/pppppppp/8/8/8/8/PPPPPPPP/NBBNRKQR w KQkq - 0 1	f2f4	04:34:15 PM
nnbbrkqr/pppppppp/8/8/8/8/PPPPPPPP/NNBBRKQR w KQkq - 0 1	f2f4	04:34:29 PM
nnbrkbqr/pppppppp/8/8/8/8/PPPPPPPP/NNBRKBQR w KQkq - 0 1	d2d4	04:34:46 PM
nnbrkqrb/pppppppp/8/8/8/8/PPPPPPPP/NNBRKQRB w KQkq - 0 1	d2d4	04:35:08 PM
nbnrbkqr/pppppppp/8/8/8/8/PPPPPPPP/NBNRBKQR w KQkq - 0 1	f2f3	04:35:21 PM
nnrbbkqr/pppppppp/8/8/8/8/PPPPPPPP/NNRBBKQR w KQkq - 0 1	b2b4	04:35:32 PM
nnrkbbqr/pppppppp/8/8/8/8/PPPPPPPP/NNRKBBQR w KQkq - 0 1	d2d4	04:35:43 PM
nnrkbqrb/pppppppp/8/8/8/8/PPPPPPPP/NNRKBQRB w KQkq - 0 1	a1b3	04:36:03 PM
nbnrkqbr/pppppppp/8/8/8/8/PPPPPPPP/NBNRKQBR w KQkq - 0 1	e2e4	04:36:25 PM
nnrbkqbr/pppppppp/8/8/8/8/PPPPPPPP/NNRBKQBR w KQkq - 0 1	a1b3	04:36:38 PM
nnrkqbbr/pppppppp/8/8/8/8/PPPPPPPP/NNRKQBBR w KQkq - 0 1	f2f3	04:36:50 PM
nnrkqrbb/pppppppp/8/8/8/8/PPPPPPPP/NNRKQRBB w KQkq - 0 1	a1b3	04:37:07 PM
bbnnrkrq/pppppppp/8/8/8/8/PPPPPPPP/BBNNRKRQ w KQkq - 0 1	d2d4	04:37:42 PM
bnnbrkrq/pppppppp/8/8/8/8/PPPPPPPP/BNNBRKRQ w KQkq - 0 1	e2e3	04:38:01 PM
bnnrkbrq/pppppppp/8/8/8/8/PPPPPPPP/BNNRKBRQ w KQkq - 0 1	b1c3	04:38:17 PM
bnnrkrqb/pppppppp/8/8/8/8/PPPPPPPP/BNNRKRQB w KQkq - 0 1	g2g4	04:38:41 PM
nbbnrkrq/pppppppp/8/8/8/8/PPPPPPPP/NBBNRKRQ w KQkq - 0 1	d2d4	04:39:01 PM
nnbbrkrq/pppppppp/8/8/8/8/PPPPPPPP/NNBBRKRQ w KQkq - 0 1	a1b3	04:39:30 PM
nnbrkbrq/pppppppp/8/8/8/8/PPPPPPPP/NNBRKBRQ w KQkq - 0 1	d2d4	04:39:51 PM
nnbrkrqb/pppppppp/8/8/8/8/PPPPPPPP/NNBRKRQB w KQkq - 0 1	a1b3	04:40:03 PM
nbnrbkrq/pppppppp/8/8/8/8/PPPPPPPP/NBNRBKRQ w KQkq - 0 1	g2g4	04:40:21 PM
nnrbbkrq/pppppppp/8/8/8/8/PPPPPPPP/NNRBBKRQ w KQkq - 0 1	g2g3	04:40:35 PM
nnrkbbrq/pppppppp/8/8/8/8/PPPPPPPP/NNRKBBRQ w KQkq - 0 1	a1b3	04:40:52 PM
nnrkbrqb/pppppppp/8/8/8/8/PPPPPPPP/NNRKBRQB w KQkq - 0 1	g2g4	04:41:04 PM
nbnrkrbq/pppppppp/8/8/8/8/PPPPPPPP/NBNRKRBQ w KQkq - 0 1	f2f4	04:41:16 PM
nnrbkrbq/pppppppp/8/8/8/8/PPPPPPPP/NNRBKRBQ w KQkq - 0 1	f2f4	04:41:39 PM
nnrkrbbq/pppppppp/8/8/8/8/PPPPPPPP/NNRKRBBQ w KQkq - 0 1	a1b3	04:41:51 PM
nnrkrqbb/pppppppp/8/8/8/8/PPPPPPPP/NNRKRQBB w KQkq - 0 1	g2g3	04:42:08 PM
bbqnrnkr/pppppppp/8/8/8/8/PPPPPPPP/BBQNRNKR w KQkq - 0 1	d2d4	04:42:21 PM
bqnbrnkr/pppppppp/8/8/8/8/PPPPPPPP/BQNBRNKR w KQkq - 0 1	b2b4	04:42:50 PM
bqnrnbkr/pppppppp/8/8/8/8/PPPPPPPP/BQNRNBKR w KQkq - 0 1	c2c4	04:43:01 PM
bqnrnkrb/pppppppp/8/8/8/8/PPPPPPPP/BQNRNKRB w KQkq - 0 1	c2c4	04:43:07 PM
qbbnrnkr/pppppppp/8/8/8/8/PPPPPPPP/QBBNRNKR w KQkq - 0 1	e2e4	04:43:25 PM
qnbbrnkr/pppppppp/8/8/8/8/PPPPPPPP/QNBBRNKR w KQkq - 0 1	b2b3	04:43:44 PM
qnbrnbkr/pppppppp/8/8/8/8/PPPPPPPP/QNBRNBKR w KQkq - 0 1	c2c4	04:43:53 PM
qnbrnkrb/pppppppp/8/8/8/8/PPPPPPPP/QNBRNKRB w KQkq - 0 1	c2c4	04:44:04 PM
qbnrbnkr/pppppppp/8/8/8/8/PPPPPPPP/QBNRBNKR w KQkq - 0 1	b2b3	04:44:32 PM
qnrbbnkr/pppppppp/8/8/8/8/PPPPPPPP/QNRBBNKR w KQkq - 0 1	c2c4	04:44:53 PM
qnrnbbkr/pppppppp/8/8/8/8/PPPPPPPP/QNRNBBKR w KQkq - 0 1	d2d4	04:45:11 PM
qnrnbkrb/pppppppp/8/8/8/8/PPPPPPPP/QNRNBKRB w KQkq - 0 1	c2c4	04:45:36 PM
qbnrnkbr/pppppppp/8/8/8/8/PPPPPPPP/QBNRNKBR w KQkq - 0 1	f2f3	04:45:49 PM
qnrbnkbr/pppppppp/8/8/8/8/PPPPPPPP/QNRBNKBR w KQkq - 0 1	d2d4	04:46:03 PM
qnrnkbbr/pppppppp/8/8/8/8/PPPPPPPP/QNRNKBBR w KQkq - 0 1	d2d4	04:46:21 PM
qnrnkrbb/pppppppp/8/8/8/8/PPPPPPPP/QNRNKRBB w KQkq - 0 1	g2g4	04:46:41 PM
bbnqrnkr/pppppppp/8/8/8/8/PPPPPPPP/BBNQRNKR w KQkq - 0 1	d2d4	04:47:01 PM
bnqbrnkr/pppppppp/8/8/8/8/PPPPPPPP/BNQBRNKR w KQkq - 0 1	c2c4	04:47:31 PM
bnqrnbkr/pppppppp/8/8/8/8/PPPPPPPP/BNQRNBKR w KQkq - 0 1	d2d4	04:47:37 PM
bnqrnkrb/pppppppp/8/8/8/8/PPPPPPPP/BNQRNKRB w KQkq - 0 1	d2d4	04:47:52 PM
nbbqrnkr/pppppppp/8/8/8/8/PPPPPPPP/NBBQRNKR w KQkq - 0 1	e2e4	04:48:03 PM
nqbbrnkr/pppppppp/8/8/8/8/PPPPPPPP/NQBBRNKR w KQkq - 0 1	d2d4	04:48:18 PM
nqbrnbkr/pppppppp/8/8/8/8/PPPPPPPP/NQBRNBKR w KQkq - 0 1	e2e4	04:48:30 PM
nqbrnkrb/pppppppp/8/8/8/8/PPPPPPPP/NQBRNKRB w KQkq - 0 1	c2c4	04:48:45 PM
nbqrbnkr/pppppppp/8/8/8/8/PPPPPPPP/NBQRBNKR w KQkq - 0 1	c2c4	04:49:09 PM
nqrbbnkr/pppppppp/8/8/8/8/PPPPPPPP/NQRBBNKR w KQkq - 0 1	c2c4	04:49:22 PM
nqrnbbkr/pppppppp/8/8/8/8/PPPPPPPP/NQRNBBKR w KQkq - 0 1	d2d4	04:49:33 PM
nqrnbkrb/pppppppp/8/8/8/8/PPPPPPPP/NQRNBKRB w KQkq - 0 1	c2c4	04:50:02 PM
nbqrnkbr/pppppppp/8/8/8/8/PPPPPPPP/NBQRNKBR w KQkq - 0 1	f2f3	04:50:15 PM
nqrbnkbr/pppppppp/8/8/8/8/PPPPPPPP/NQRBNKBR w KQkq - 0 1	d2d4	04:50:42 PM
nqrnkbbr/pppppppp/8/8/8/8/PPPPPPPP/NQRNKBBR w KQkq - 0 1	e2e3	04:51:09 PM
nqrnkrbb/pppppppp/8/8/8/8/PPPPPPPP/NQRNKRBB w KQkq - 0 1	f2f4	04:51:23 PM
bbnrqnkr/pppppppp/8/8/8/8/PPPPPPPP/BBNRQNKR w KQkq - 0 1	d2d4	04:51:40 PM
bnrbqnkr/pppppppp/8/8/8/8/PPPPPPPP/BNRBQNKR w KQkq - 0 1	e2e3	04:52:02 PM
bnrqnbkr/pppppppp/8/8/8/8/PPPPPPPP/BNRQNBKR w KQkq - 0 1	c2c4	04:52:17 PM
bnrqnkrb/pppppppp/8/8/8/8/PPPPPPPP/BNRQNKRB w KQkq - 0 1	c2c4	04:52:26 PM
nbbrqnkr/pppppppp/8/8/8/8/PPPPPPPP/NBBRQNKR w KQkq - 0 1	e2e4	04:52:41 PM
nrbbqnkr/pppppppp/8/8/8/8/PPPPPPPP/NRBBQNKR w KQkq - 0 1	e2e4	04:52:52 PM
nrbqnbkr/pppppppp/8/8/8/8/PPPPPPPP/NRBQNBKR w KQkq - 0 1	e2e4	04:53:04 PM
nrbqnkrb/pppppppp/8/8/8/8/PPPPPPPP/NRBQNKRB w KQkq - 0 1	c2c4	04:53:24 PM
nbrqbnkr/pppppppp/8/8/8/8/PPPPPPPP/NBRQBNKR w KQkq - 0 1	c2c4	04:53:34 PM
nrqbbnkr/pppppppp/8/8/8/8/PPPPPPPP/NRQBBNKR w KQkq - 0 1	d2d4	04:53:50 PM
nrqnbbkr/pppppppp/8/8/8/8/PPPPPPPP/NRQNBBKR w KQkq - 0 1	e2e4	04:54:07 PM
nrqnbkrb/pppppppp/8/8/8/8/PPPPPPPP/NRQNBKRB w KQkq - 0 1	e2e4	04:54:28 PM
nbrqnkbr/pppppppp/8/8/8/8/PPPPPPPP/NBRQNKBR w KQkq - 0 1	d2d4	04:54:39 PM
nrqbnkbr/pppppppp/8/8/8/8/PPPPPPPP/NRQBNKBR w KQkq - 0 1	f2f4	04:54:57 PM
nrqnkbbr/pppppppp/8/8/8/8/PPPPPPPP/NRQNKBBR w KQkq - 0 1	f2f3	04:55:13 PM
nrqnkrbb/pppppppp/8/8/8/8/PPPPPPPP/NRQNKRBB w KQkq - 0 1	f2f4	04:55:26 PM
bbnrnqkr/pppppppp/8/8/8/8/PPPPPPPP/BBNRNQKR w KQkq - 0 1	c2c4	04:55:46 PM
bnrbnqkr/pppppppp/8/8/8/8/PPPPPPPP/BNRBNQKR w KQkq - 0 1	c2c4	04:55:57 PM
bnrnqbkr/pppppppp/8/8/8/8/PPPPPPPP/BNRNQBKR w KQkq - 0 1	d2d4	04:56:09 PM
bnrnqkrb/pppppppp/8/8/8/8/PPPPPPPP/BNRNQKRB w KQkq - 0 1	d2d4	04:56:30 PM
nbbrnqkr/pppppppp/8/8/8/8/PPPPPPPP/NBBRNQKR w KQkq - 0 1	d2d4	04:56:43 PM
nrbbnqkr/pppppppp/8/8/8/8/PPPPPPPP/NRBBNQKR w KQkq - 0 1	d2d4	04:56:52 PM
nrbnqbkr/pppppppp/8/8/8/8/PPPPPPPP/NRBNQBKR w KQkq - 0 1	e2e4	04:57:12 PM
nrbnqkrb/pppppppp/8/8/8/8/PPPPPPPP/NRBNQKRB w KQkq - 0 1	f1g1	04:57:33 PM
nbrnbqkr/pppppppp/8/8/8/8/PPPPPPPP/NBRNBQKR w KQkq - 0 1	d2d4	04:57:49 PM
nrnbbqkr/pppppppp/8/8/8/8/PPPPPPPP/NRNBBQKR w KQkq - 0 1	e2e4	04:58:01 PM
nrnqbbkr/pppppppp/8/8/8/8/PPPPPPPP/NRNQBBKR w KQkq - 0 1	e2e4	04:58:14 PM
nrnqbkrb/pppppppp/8/8/8/8/PPPPPPPP/NRNQBKRB w KQkq - 0 1	e2e4	04:58:32 PM
nbrnqkbr/pppppppp/8/8/8/8/PPPPPPPP/NBRNQKBR w KQkq - 0 1	c2c4	04:58:43 PM
nrnbqkbr/pppppppp/8/8/8/8/PPPPPPPP/NRNBQKBR w KQkq - 0 1	e2e4	04:58:55 PM
nrnqkbbr/pppppppp/8/8/8/8/PPPPPPPP/NRNQKBBR w KQkq - 0 1	e2e4	04:59:13 PM
nrnqkrbb/pppppppp/8/8/8/8/PPPPPPPP/NRNQKRBB w KQkq - 0 1	e2e4	04:59:32 PM
bbnrnkqr/pppppppp/8/8/8/8/PPPPPPPP/BBNRNKQR w KQkq - 0 1	c2c4	04:59:47 PM
bnrbnkqr/pppppppp/8/8/8/8/PPPPPPPP/BNRBNKQR w KQkq - 0 1	c2c4	05:00:09 PM
bnrnkbqr/pppppppp/8/8/8/8/PPPPPPPP/BNRNKBQR w KQkq - 0 1	d2d4	05:00:24 PM
bnrnkqrb/pppppppp/8/8/8/8/PPPPPPPP/BNRNKQRB w KQkq - 0 1	e2e3	05:00:47 PM
nbbrnkqr/pppppppp/8/8/8/8/PPPPPPPP/NBBRNKQR w KQkq - 0 1	e2e4	05:01:03 PM
nrbbnkqr/pppppppp/8/8/8/8/PPPPPPPP/NRBBNKQR w KQkq - 0 1	f2f4	05:01:11 PM
nrbnkbqr/pppppppp/8/8/8/8/PPPPPPPP/NRBNKBQR w KQkq - 0 1	a1b3	05:01:39 PM
nrbnkqrb/pppppppp/8/8/8/8/PPPPPPPP/NRBNKQRB w KQkq - 0 1	d2d4	05:01:57 PM
nbrnbkqr/pppppppp/8/8/8/8/PPPPPPPP/NBRNBKQR w KQkq - 0 1	f2f4	05:02:09 PM
nrnbbkqr/pppppppp/8/8/8/8/PPPPPPPP/NRNBBKQR w KQkq - 0 1	d2d4	05:02:21 PM
nrnkbbqr/pppppppp/8/8/8/8/PPPPPPPP/NRNKBBQR w KQkq - 0 1	e2e4	05:02:33 PM
nrnkbqrb/pppppppp/8/8/8/8/PPPPPPPP/NRNKBQRB w KQkq - 0 1	g2g4	05:02:49 PM
nbrnkqbr/pppppppp/8/8/8/8/PPPPPPPP/NBRNKQBR w KQkq - 0 1	a1b3	05:03:02 PM
nrnbkqbr/pppppppp/8/8/8/8/PPPPPPPP/NRNBKQBR w KQkq - 0 1	e2e4	05:03:21 PM
nrnkqbbr/pppppppp/8/8/8/8/PPPPPPPP/NRNKQBBR w KQkq - 0 1	d2d4	05:03:29 PM
nrnkqrbb/pppppppp/8/8/8/8/PPPPPPPP/NRNKQRBB w KQkq - 0 1	g2g4	05:03:58 PM
bbnrnkrq/pppppppp/8/8/8/8/PPPPPPPP/BBNRNKRQ w KQkq - 0 1	g2g3	05:04:17 PM
bnrbnkrq/pppppppp/8/8/8/8/PPPPPPPP/BNRBNKRQ w KQkq - 0 1	g2g4	05:04:38 PM
bnrnkbrq/pppppppp/8/8/8/8/PPPPPPPP/BNRNKBRQ w KQkq - 0 1	g2g4	05:04:53 PM
bnrnkrqb/pppppppp/8/8/8/8/PPPPPPPP/BNRNKRQB w KQkq - 0 1	d1c3	05:05:13 PM
nbbrnkrq/pppppppp/8/8/8/8/PPPPPPPP/NBBRNKRQ w KQkq - 0 1	a1b3	05:05:34 PM
nrbbnkrq/pppppppp/8/8/8/8/PPPPPPPP/NRBBNKRQ w KQkq - 0 1	e2e4	05:05:55 PM
nrbnkbrq/pppppppp/8/8/8/8/PPPPPPPP/NRBNKBRQ w KQkq - 0 1	d2d4	05:06:16 PM
nrbnkrqb/pppppppp/8/8/8/8/PPPPPPPP/NRBNKRQB w KQkq - 0 1	f2f4	05:06:26 PM
nbrnbkrq/pppppppp/8/8/8/8/PPPPPPPP/NBRNBKRQ w KQkq - 0 1	c2c4	05:06:49 PM
nrnbbkrq/pppppppp/8/8/8/8/PPPPPPPP/NRNBBKRQ w KQkq - 0 1	e2e4	05:07:12 PM
nrnkbbrq/pppppppp/8/8/8/8/PPPPPPPP/NRNKBBRQ w KQkq - 0 1	d2d4	05:07:36 PM
nrnkbrqb/pppppppp/8/8/8/8/PPPPPPPP/NRNKBRQB w KQkq - 0 1	g2g4	05:08:08 PM
nbrnkrbq/pppppppp/8/8/8/8/PPPPPPPP/NBRNKRBQ w KQkq - 0 1	e2e4	05:08:17 PM
nrnbkrbq/pppppppp/8/8/8/8/PPPPPPPP/NRNBKRBQ w KQkq - 0 1	e2e4	05:08:48 PM
nrnkrbbq/pppppppp/8/8/8/8/PPPPPPPP/NRNKRBBQ w KQkq - 0 1	f2f4	05:09:10 PM
nrnkrqbb/pppppppp/8/8/8/8/PPPPPPPP/NRNKRQBB w KQkq - 0 1	e2e4	05:09:26 PM
bbqnrknr/pppppppp/8/8/8/8/PPPPPPPP/BBQNRKNR w KQkq - 0 1	d2d4	05:09:43 PM
bqnbrknr/pppppppp/8/8/8/8/PPPPPPPP/BQNBRKNR w KQkq - 0 1	c2c4	05:09:54 PM
bqnrkbnr/pppppppp/8/8/8/8/PPPPPPPP/BQNRKBNR w KQkq - 0 1	c2c4	05:10:02 PM
bqnrknrb/pppppppp/8/8/8/8/PPPPPPPP/BQNRKNRB w KQkq - 0 1	c2c4	05:10:18 PM
qbbnrknr/pppppppp/8/8/8/8/PPPPPPPP/QBBNRKNR w KQkq - 0 1	d2d4	05:10:32 PM
qnbbrknr/pppppppp/8/8/8/8/PPPPPPPP/QNBBRKNR w KQkq - 0 1	d2d4	05:10:44 PM
qnbrkbnr/pppppppp/8/8/8/8/PPPPPPPP/QNBRKBNR w KQkq - 0 1	d2d4	05:10:59 PM
qnbrknrb/pppppppp/8/8/8/8/PPPPPPPP/QNBRKNRB w KQkq - 0 1	d2d4	05:11:15 PM
qbnrbknr/pppppppp/8/8/8/8/PPPPPPPP/QBNRBKNR w KQkq - 0 1	c2c4	05:11:34 PM
qnrbbknr/pppppppp/8/8/8/8/PPPPPPPP/QNRBBKNR w KQkq - 0 1	c2c4	05:11:45 PM
qnrkbbnr/pppppppp/8/8/8/8/PPPPPPPP/QNRKBBNR w KQkq - 0 1	c2c4	05:11:58 PM
qnrkbnrb/pppppppp/8/8/8/8/PPPPPPPP/QNRKBNRB w KQkq - 0 1	d2d4	05:12:17 PM
qbnrknbr/pppppppp/8/8/8/8/PPPPPPPP/QBNRKNBR w KQkq - 0 1	f2f3	05:12:28 PM
qnrbknbr/pppppppp/8/8/8/8/PPPPPPPP/QNRBKNBR w KQkq - 0 1	e2e4	05:12:47 PM
qnrknbbr/pppppppp/8/8/8/8/PPPPPPPP/QNRKNBBR w KQkq - 0 1	d2d4	05:13:13 PM
qnrknrbb/pppppppp/8/8/8/8/PPPPPPPP/QNRKNRBB w KQkq - 0 1	g2g4	05:13:28 PM
bbnqrknr/pppppppp/8/8/8/8/PPPPPPPP/BBNQRKNR w KQkq - 0 1	d2d4	05:13:40 PM
bnqbrknr/pppppppp/8/8/8/8/PPPPPPPP/BNQBRKNR w KQkq - 0 1	b2b4	05:13:55 PM
bnqrkbnr/pppppppp/8/8/8/8/PPPPPPPP/BNQRKBNR w KQkq - 0 1	c2c4	05:14:09 PM
bnqrknrb/pppppppp/8/8/8/8/PPPPPPPP/BNQRKNRB w KQkq - 0 1	d2d4	05:14:27 PM
nbbqrknr/pppppppp/8/8/8/8/PPPPPPPP/NBBQRKNR w KQkq - 0 1	d2d4	05:14:36 PM
nqbbrknr/pppppppp/8/8/8/8/PPPPPPPP/NQBBRKNR w KQkq - 0 1	e2e4	05:14:53 PM
nqbrkbnr/pppppppp/8/8/8/8/PPPPPPPP/NQBRKBNR w KQkq - 0 1	e2e4	05:15:04 PM
nqbrknrb/pppppppp/8/8/8/8/PPPPPPPP/NQBRKNRB w KQkq - 0 1	d2d4	05:15:17 PM
nbqrbknr/pppppppp/8/8/8/8/PPPPPPPP/NBQRBKNR w KQkq - 0 1	d2d4	05:15:31 PM
nqrbbknr/pppppppp/8/8/8/8/PPPPPPPP/NQRBBKNR w KQkq - 0 1	b2b4	05:15:39 PM
nqrkbbnr/pppppppp/8/8/8/8/PPPPPPPP/NQRKBBNR w KQkq - 0 1	c2c4	05:15:57 PM
nqrkbnrb/pppppppp/8/8/8/8/PPPPPPPP/NQRKBNRB w KQkq - 0 1	a1b3	05:16:28 PM
nbqrknbr/pppppppp/8/8/8/8/PPPPPPPP/NBQRKNBR w KQkq - 0 1	d2d4	05:16:44 PM
nqrbknbr/pppppppp/8/8/8/8/PPPPPPPP/NQRBKNBR w KQkq - 0 1	b2b4	05:17:12 PM
nqrknbbr/pppppppp/8/8/8/8/PPPPPPPP/NQRKNBBR w KQkq - 0 1	c2c4	05:17:39 PM
nqrknrbb/pppppppp/8/8/8/8/PPPPPPPP/NQRKNRBB w KQkq - 0 1	c2c4	05:17:55 PM
bbnrqknr/pppppppp/8/8/8/8/PPPPPPPP/BBNRQKNR w KQkq - 0 1	d2d4	05:18:12 PM
bnrbqknr/pppppppp/8/8/8/8/PPPPPPPP/BNRBQKNR w KQkq - 0 1	d2d3	05:18:37 PM
bnrqkbnr/pppppppp/8/8/8/8/PPPPPPPP/BNRQKBNR w KQkq - 0 1	e2e3	05:18:44 PM
bnrqknrb/pppppppp/8/8/8/8/PPPPPPPP/BNRQKNRB w KQkq - 0 1	c2c4	05:18:57 PM
nbbrqknr/pppppppp/8/8/8/8/PPPPPPPP/NBBRQKNR w KQkq - 0 1	e2e4	05:19:12 PM
nrbbqknr/pppppppp/8/8/8/8/PPPPPPPP/NRBBQKNR w KQkq - 0 1	e2e4	05:19:24 PM
nrbqkbnr/pppppppp/8/8/8/8/PPPPPPPP/NRBQKBNR w KQkq - 0 1	e2e4	05:19:34 PM
nrbqknrb/pppppppp/8/8/8/8/PPPPPPPP/NRBQKNRB w KQkq - 0 1	d2d4	05:19:50 PM
nbrqbknr/pppppppp/8/8/8/8/PPPPPPPP/NBRQBKNR w KQkq - 0 1	d2d4	05:20:04 PM
nrqbbknr/pppppppp/8/8/8/8/PPPPPPPP/NRQBBKNR w KQkq - 0 1	b2b4	05:20:15 PM
nrqkbbnr/pppppppp/8/8/8/8/PPPPPPPP/NRQKBBNR w KQkq - 0 1	e2e4	05:20:33 PM
nrqkbnrb/pppppppp/8/8/8/8/PPPPPPPP/NRQKBNRB w KQkq - 0 1	d2d4	05:21:00 PM
nbrqknbr/pppppppp/8/8/8/8/PPPPPPPP/NBRQKNBR w KQkq - 0 1	c2c4	05:21:26 PM
nrqbknbr/pppppppp/8/8/8/8/PPPPPPPP/NRQBKNBR w KQkq - 0 1	a1b3	05:21:46 PM
nrqknbbr/pppppppp/8/8/8/8/PPPPPPPP/NRQKNBBR w KQkq - 0 1	c2c4	05:22:18 PM
nrqknrbb/pppppppp/8/8/8/8/PPPPPPPP/NRQKNRBB w KQkq - 0 1	f2f4	05:22:24 PM
bbnrkqnr/pppppppp/8/8/8/8/PPPPPPPP/BBNRKQNR w KQkq - 0 1	c2c4	05:22:56 PM
bnrbkqnr/pppppppp/8/8/8/8/PPPPPPPP/BNRBKQNR w KQkq - 0 1	c2c4	05:23:05 PM
bnrkqbnr/pppppppp/8/8/8/8/PPPPPPPP/BNRKQBNR w KQkq - 0 1	e2e4	05:23:16 PM
bnrkqnrb/pppppppp/8/8/8/8/PPPPPPPP/BNRKQNRB w KQkq - 0 1	d2d4	05:23:28 PM
nbbrkqnr/pppppppp/8/8/8/8/PPPPPPPP/NBBRKQNR w KQkq - 0 1	e2e4	05:23:37 PM
nrbbkqnr/pppppppp/8/8/8/8/PPPPPPPP/NRBBKQNR w KQkq - 0 1	e2e4	05:23:46 PM
nrbkqbnr/pppppppp/8/8/8/8/PPPPPPPP/NRBKQBNR w KQkq - 0 1	e2e4	05:24:03 PM
nrbkqnrb/pppppppp/8/8/8/8/PPPPPPPP/NRBKQNRB w KQkq - 0 1	d2d3	05:24:19 PM
nbrkbqnr/pppppppp/8/8/8/8/PPPPPPPP/NBRKBQNR w KQkq - 0 1	a1b3	05:24:37 PM
nrkbbqnr/pppppppp/8/8/8/8/PPPPPPPP/NRKBBQNR w KQkq - 0 1	e2e4	05:24:59 PM
nrkqbbnr/pppppppp/8/8/8/8/PPPPPPPP/NRKQBBNR w KQkq - 0 1	c2c4	05:25:16 PM
nrkqbnrb/pppppppp/8/8/8/8/PPPPPPPP/NRKQBNRB w KQkq - 0 1	g2g3	05:25:38 PM
nbrkqnbr/pppppppp/8/8/8/8/PPPPPPPP/NBRKQNBR w KQkq - 0 1	c2c4	05:25:55 PM
nrkbqnbr/pppppppp/8/8/8/8/PPPPPPPP/NRKBQNBR w KQkq - 0 1	a1b3	05:26:06 PM
nrkqnbbr/pppppppp/8/8/8/8/PPPPPPPP/NRKQNBBR w KQkq - 0 1	a1b3	05:26:27 PM
nrkqnrbb/pppppppp/8/8/8/8/PPPPPPPP/NRKQNRBB w KQkq - 0 1	f2f4	05:26:39 PM
bbnrknqr/pppppppp/8/8/8/8/PPPPPPPP/BBNRKNQR w KQkq - 0 1	e2e4	05:26:53 PM
bnrbknqr/pppppppp/8/8/8/8/PPPPPPPP/BNRBKNQR w KQkq - 0 1	e2e4	05:27:13 PM
bnrknbqr/pppppppp/8/8/8/8/PPPPPPPP/BNRKNBQR w KQkq - 0 1	c2c4	05:27:36 PM
bnrknqrb/pppppppp/8/8/8/8/PPPPPPPP/BNRKNQRB w KQkq - 0 1	g2g4	05:27:48 PM
nbbrknqr/pppppppp/8/8/8/8/PPPPPPPP/NBBRKNQR w KQkq - 0 1	a1b3	05:28:08 PM
nrbbknqr/pppppppp/8/8/8/8/PPPPPPPP/NRBBKNQR w KQkq - 0 1	f2f4	05:28:22 PM
nrbknbqr/pppppppp/8/8/8/8/PPPPPPPP/NRBKNBQR w KQkq - 0 1	e2e4	05:28:47 PM
nrbknqrb/pppppppp/8/8/8/8/PPPPPPPP/NRBKNQRB w KQkq - 0 1	f2f4	05:29:03 PM
nbrkbnqr/pppppppp/8/8/8/8/PPPPPPPP/NBRKBNQR w KQkq - 0 1	a1b3	05:29:28 PM
nrkbbnqr/pppppppp/8/8/8/8/PPPPPPPP/NRKBBNQR w KQkq - 0 1	e2e4	05:29:55 PM
nrknbbqr/pppppppp/8/8/8/8/PPPPPPPP/NRKNBBQR w KQkq - 0 1	e2e4	05:30:05 PM
nrknbqrb/pppppppp/8/8/8/8/PPPPPPPP/NRKNBQRB w KQkq - 0 1	g2g4	05:30:39 PM
nbrknqbr/pppppppp/8/8/8/8/PPPPPPPP/NBRKNQBR w KQkq - 0 1	c2c4	05:31:01 PM
nrkbnqbr/pppppppp/8/8/8/8/PPPPPPPP/NRKBNQBR w KQkq - 0 1	f2f4	05:31:10 PM
nrknqbbr/pppppppp/8/8/8/8/PPPPPPPP/NRKNQBBR w KQkq - 0 1	e2e4	05:31:21 PM
nrknqrbb/pppppppp/8/8/8/8/PPPPPPPP/NRKNQRBB w KQkq - 0 1	f2f4	05:31:31 PM
bbnrknrq/pppppppp/8/8/8/8/PPPPPPPP/BBNRKNRQ w KQkq - 0 1	c2c4	05:31:55 PM
bnrbknrq/pppppppp/8/8/8/8/PPPPPPPP/BNRBKNRQ w KQkq - 0 1	d2d4	05:32:14 PM
bnrknbrq/pppppppp/8/8/8/8/PPPPPPPP/BNRKNBRQ w KQkq - 0 1	g2g4	05:32:31 PM
bnrknrqb/pppppppp/8/8/8/8/PPPPPPPP/BNRKNRQB w KQkq - 0 1	g2g4	05:32:41 PM
nbbrknrq/pppppppp/8/8/8/8/PPPPPPPP/NBBRKNRQ w KQkq - 0 1	g2g3	05:33:02 PM
nrbbknrq/pppppppp/8/8/8/8/PPPPPPPP/NRBBKNRQ w KQkq - 0 1	e2e4	05:33:21 PM
nrbknbrq/pppppppp/8/8/8/8/PPPPPPPP/NRBKNBRQ w KQkq - 0 1	a1b3	05:33:38 PM
nrbknrqb/pppppppp/8/8/8/8/PPPPPPPP/NRBKNRQB w KQkq - 0 1	f2f4	05:33:48 PM
nbrkbnrq/pppppppp/8/8/8/8/PPPPPPPP/NBRKBNRQ w KQkq - 0 1	g2g3	05:34:07 PM
nrkbbnrq/pppppppp/8/8/8/8/PPPPPPPP/NRKBBNRQ w KQkq - 0 1	d2d4	05:34:27 PM
nrknbbrq/pppppppp/8/8/8/8/PPPPPPPP/NRKNBBRQ w KQkq - 0 1	e2e3	05:34:48 PM
nrknbrqb/pppppppp/8/8/8/8/PPPPPPPP/NRKNBRQB w KQkq - 0 1	g2g4	05:35:05 PM
nbrknrbq/pppppppp/8/8/8/8/PPPPPPPP/NBRKNRBQ w KQkq - 0 1	f2f4	05:35:17 PM
nrkbnrbq/pppppppp/8/8/8/8/PPPPPPPP/NRKBNRBQ w KQkq - 0 1	a1b3	05:35:33 PM
nrknrbbq/pppppppp/8/8/8/8/PPPPPPPP/NRKNRBBQ w KQkq - 0 1	f2f4	05:35:45 PM
nrknrqbb/pppppppp/8/8/8/8/PPPPPPPP/NRKNRQBB w KQkq - 0 1	f2f4	05:35:55 PM
bbqnrkrn/pppppppp/8/8/8/8/PPPPPPPP/BBQNRKRN w KQkq - 0 1	c2c4	05:36:10 PM
bqnbrkrn/pppppppp/8/8/8/8/PPPPPPPP/BQNBRKRN w KQkq - 0 1	c2c4	05:36:31 PM
bqnrkbrn/pppppppp/8/8/8/8/PPPPPPPP/BQNRKBRN w KQkq - 0 1	c2c4	05:36:40 PM
bqnrkrnb/pppppppp/8/8/8/8/PPPPPPPP/BQNRKRNB w KQkq - 0 1	b2b4	05:36:58 PM
qbbnrkrn/pppppppp/8/8/8/8/PPPPPPPP/QBBNRKRN w KQkq - 0 1	h1g3	05:37:16 PM
qnbbrkrn/pppppppp/8/8/8/8/PPPPPPPP/QNBBRKRN w KQkq - 0 1	e2e4	05:37:41 PM
qnbrkbrn/pppppppp/8/8/8/8/PPPPPPPP/QNBRKBRN w KQkq - 0 1	c2c4	05:37:53 PM
qnbrkrnb/pppppppp/8/8/8/8/PPPPPPPP/QNBRKRNB w KQkq - 0 1	c2c4	05:38:04 PM
qbnrbkrn/pppppppp/8/8/8/8/PPPPPPPP/QBNRBKRN w KQkq - 0 1	c2c4	05:38:15 PM
qnrbbkrn/pppppppp/8/8/8/8/PPPPPPPP/QNRBBKRN w KQkq - 0 1	d2d4	05:38:27 PM
qnrkbbrn/pppppppp/8/8/8/8/PPPPPPPP/QNRKBBRN w KQkq - 0 1	d2d4	05:38:40 PM
qnrkbrnb/pppppppp/8/8/8/8/PPPPPPPP/QNRKBRNB w KQkq - 0 1	g1f3	05:38:55 PM
qbnrkrbn/pppppppp/8/8/8/8/PPPPPPPP/QBNRKRBN w KQkq - 0 1	f2f3	05:39:09 PM
qnrbkrbn/pppppppp/8/8/8/8/PPPPPPPP/QNRBKRBN w KQkq - 0 1	h1g3	05:39:15 PM
qnrkrbbn/pppppppp/8/8/8/8/PPPPPPPP/QNRKRBBN w KQkq - 0 1	d2d4	05:39:24 PM
qnrkrnbb/pppppppp/8/8/8/8/PPPPPPPP/QNRKRNBB w KQkq - 0 1	f2f4	05:39:45 PM
bbnqrkrn/pppppppp/8/8/8/8/PPPPPPPP/BBNQRKRN w KQkq - 0 1	h1g3	05:39:58 PM
bnqbrkrn/pppppppp/8/8/8/8/PPPPPPPP/BNQBRKRN w KQkq - 0 1	b2b4	05:40:20 PM
bnqrkbrn/pppppppp/8/8/8/8/PPPPPPPP/BNQRKBRN w KQkq - 0 1	d2d4	05:40:28 PM
bnqrkrnb/pppppppp/8/8/8/8/PPPPPPPP/BNQRKRNB w KQkq - 0 1	c2c4	05:40:41 PM
nbbqrkrn/pppppppp/8/8/8/8/PPPPPPPP/NBBQRKRN w KQkq - 0 1	f1g1	05:40:53 PM
nqbbrkrn/pppppppp/8/8/8/8/PPPPPPPP/NQBBRKRN w KQkq - 0 1	h1g3	05:41:09 PM
nqbrkbrn/pppppppp/8/8/8/8/PPPPPPPP/NQBRKBRN w KQkq - 0 1	h1g3	05:41:29 PM
nqbrkrnb/pppppppp/8/8/8/8/PPPPPPPP/NQBRKRNB w KQkq - 0 1	c2c4	05:41:43 PM
nbqrbkrn/pppppppp/8/8/8/8/PPPPPPPP/NBQRBKRN w KQkq - 0 1	f1g1	05:42:02 PM
nqrbbkrn/pppppppp/8/8/8/8/PPPPPPPP/NQRBBKRN w KQkq - 0 1	c2c4	05:42:15 PM
nqrkbbrn/pppppppp/8/8/8/8/PPPPPPPP/NQRKBBRN w KQkq - 0 1	c2c4	05:42:28 PM
nqrkbrnb/pppppppp/8/8/8/8/PPPPPPPP/NQRKBRNB w KQkq - 0 1	d2d3	05:42:39 PM
nbqrkrbn/pppppppp/8/8/8/8/PPPPPPPP/NBQRKRBN w KQkq - 0 1	f2f4	05:42:55 PM
nqrbkrbn/pppppppp/8/8/8/8/PPPPPPPP/NQRBKRBN w KQkq - 0 1	f2f4	05:43:12 PM
nqrkrbbn/pppppppp/8/8/8/8/PPPPPPPP/NQRKRBBN w KQkq - 0 1	c2c4	05:43:34 PM
nqrkrnbb/pppppppp/8/8/8/8/PPPPPPPP/NQRKRNBB w KQkq - 0 1	e2e4	05:43:54 PM
bbnrqkrn/pppppppp/8/8/8/8/PPPPPPPP/BBNRQKRN w KQkq - 0 1	h1g3	05:44:08 PM
bnrbqkrn/pppppppp/8/8/8/8/PPPPPPPP/BNRBQKRN w KQkq - 0 1	c2c4	05:44:34 PM
bnrqkbrn/pppppppp/8/8/8/8/PPPPPPPP/BNRQKBRN w KQkq - 0 1	c2c4	05:44:56 PM
bnrqkrnb/pppppppp/8/8/8/8/PPPPPPPP/BNRQKRNB w KQkq - 0 1	c2c4	05:45:08 PM
nbbrqkrn/pppppppp/8/8/8/8/PPPPPPPP/NBBRQKRN w KQkq - 0 1	f1g1	05:45:19 PM
nrbbqkrn/pppppppp/8/8/8/8/PPPPPPPP/NRBBQKRN w KQkq - 0 1	f2f4	05:45:36 PM
nrbqkbrn/pppppppp/8/8/8/8/PPPPPPPP/NRBQKBRN w KQkq - 0 1	e2e4	05:45:47 PM
nrbqkrnb/pppppppp/8/8/8/8/PPPPPPPP/NRBQKRNB w KQkq - 0 1	c2c4	05:46:02 PM
nbrqbkrn/pppppppp/8/8/8/8/PPPPPPPP/NBRQBKRN w KQkq - 0 1	c2c4	05:46:14 PM
nrqbbkrn/pppppppp/8/8/8/8/PPPPPPPP/NRQBBKRN w KQkq - 0 1	f1g1	05:46:32 PM
nrqkbbrn/pppppppp/8/8/8/8/PPPPPPPP/NRQKBBRN w KQkq - 0 1	c2c4	05:46:55 PM
nrqkbrnb/pppppppp/8/8/8/8/PPPPPPPP/NRQKBRNB w KQkq - 0 1	c2c4	05:47:06 PM
nbrqkrbn/pppppppp/8/8/8/8/PPPPPPPP/NBRQKRBN w KQkq - 0 1	f2f4	05:47:44 PM
nrqbkrbn/pppppppp/8/8/8/8/PPPPPPPP/NRQBKRBN w KQkq - 0 1	f2f4	05:47:59 PM
nrqkrbbn/pppppppp/8/8/8/8/PPPPPPPP/NRQKRBBN w KQkq - 0 1	d2d4	05:48:24 PM
nrqkrnbb/pppppppp/8/8/8/8/PPPPPPPP/NRQKRNBB w KQkq - 0 1	f2f4	05:48:48 PM
bbnrkqrn/pppppppp/8/8/8/8/PPPPPPPP/BBNRKQRN w KQkq - 0 1	c2c4	05:49:08 PM
bnrbkqrn/pppppppp/8/8/8/8/PPPPPPPP/BNRBKQRN w KQkq - 0 1	e2e3	05:49:21 PM
bnrkqbrn/pppppppp/8/8/8/8/PPPPPPPP/BNRKQBRN w KQkq - 0 1	d2d4	05:49:32 PM
bnrkqrnb/pppppppp/8/8/8/8/PPPPPPPP/BNRKQRNB w KQkq - 0 1	d2d4	05:49:57 PM
nbbrkqrn/pppppppp/8/8/8/8/PPPPPPPP/NBBRKQRN w KQkq - 0 1	e2e4	05:50:24 PM
nrbbkqrn/pppppppp/8/8/8/8/PPPPPPPP/NRBBKQRN w KQkq - 0 1	f2f4	05:50:34 PM
nrbkqbrn/pppppppp/8/8/8/8/PPPPPPPP/NRBKQBRN w KQkq - 0 1	e2e4	05:50:49 PM
nrbkqrnb/pppppppp/8/8/8/8/PPPPPPPP/NRBKQRNB w KQkq - 0 1	e2e4	05:51:04 PM
nbrkbqrn/pppppppp/8/8/8/8/PPPPPPPP/NBRKBQRN w KQkq - 0 1	h1g3	05:51:26 PM
nrkbbqrn/pppppppp/8/8/8/8/PPPPPPPP/NRKBBQRN w KQkq - 0 1	f2f4	05:51:49 PM
nrkqbbrn/pppppppp/8/8/8/8/PPPPPPPP/NRKQBBRN w KQkq - 0 1	d2d4	05:52:11 PM
nrkqbrnb/pppppppp/8/8/8/8/PPPPPPPP/NRKQBRNB w KQkq - 0 1	f2f4	05:52:42 PM
nbrkqrbn/pppppppp/8/8/8/8/PPPPPPPP/NBRKQRBN w KQkq - 0 1	f2f4	05:52:56 PM
nrkbqrbn/pppppppp/8/8/8/8/PPPPPPPP/NRKBQRBN w KQkq - 0 1	f2f4	05:53:16 PM
nrkqrbbn/pppppppp/8/8/8/8/PPPPPPPP/NRKQRBBN w KQkq - 0 1	a1b3	05:53:27 PM
nrkqrnbb/pppppppp/8/8/8/8/PPPPPPPP/NRKQRNBB w KQkq - 0 1	a1b3	05:53:41 PM
bbnrkrqn/pppppppp/8/8/8/8/PPPPPPPP/BBNRKRQN w KQkq - 0 1	c2c4	05:54:00 PM
bnrbkrqn/pppppppp/8/8/8/8/PPPPPPPP/BNRBKRQN w KQkq - 0 1	f2f4	05:54:18 PM
bnrkrbqn/pppppppp/8/8/8/8/PPPPPPPP/BNRKRBQN w KQkq - 0 1	b1c3	05:54:30 PM
bnrkrqnb/pppppppp/8/8/8/8/PPPPPPPP/BNRKRQNB w KQkq - 0 1	g2g4	05:54:47 PM
nbbrkrqn/pppppppp/8/8/8/8/PPPPPPPP/NBBRKRQN w KQkq - 0 1	h1g3	05:54:54 PM
nrbbkrqn/pppppppp/8/8/8/8/PPPPPPPP/NRBBKRQN w KQkq - 0 1	f2f4	05:55:06 PM
nrbkrbqn/pppppppp/8/8/8/8/PPPPPPPP/NRBKRBQN w KQkq - 0 1	a1b3	05:55:31 PM
nrbkrqnb/pppppppp/8/8/8/8/PPPPPPPP/NRBKRQNB w KQkq - 0 1	f2f4	05:55:41 PM
nbrkbrqn/pppppppp/8/8/8/8/PPPPPPPP/NBRKBRQN w KQkq - 0 1	f2f4	05:56:07 PM
nrkbbrqn/pppppppp/8/8/8/8/PPPPPPPP/NRKBBRQN w KQkq - 0 1	g2g4	05:56:33 PM
nrkrbbqn/pppppppp/8/8/8/8/PPPPPPPP/NRKRBBQN w KQkq - 0 1	a1b3	05:56:53 PM
nrkrbqnb/pppppppp/8/8/8/8/PPPPPPPP/NRKRBQNB w KQkq - 0 1	f2f4	05:57:19 PM
nbrkrqbn/pppppppp/8/8/8/8/PPPPPPPP/NBRKRQBN w KQkq - 0 1	e2e4	05:57:41 PM
nrkbrqbn/pppppppp/8/8/8/8/PPPPPPPP/NRKBRQBN w KQkq - 0 1	f2f4	05:57:55 PM
nrkrqbbn/pppppppp/8/8/8/8/PPPPPPPP/NRKRQBBN w KQkq - 0 1	a1b3	05:58:21 PM
nrkrqnbb/pppppppp/8/8/8/8/PPPPPPPP/NRKRQNBB w KQkq - 0 1	e2e4	05:58:39 PM
bbnrkrnq/pppppppp/8/8/8/8/PPPPPPPP/BBNRKRNQ w KQkq - 0 1	c2c4	05:58:55 PM
bnrbkrnq/pppppppp/8/8/8/8/PPPPPPPP/BNRBKRNQ w KQkq - 0 1	e2e3	05:59:13 PM
bnrkrbnq/pppppppp/8/8/8/8/PPPPPPPP/BNRKRBNQ w KQkq - 0 1	d1c1	05:59:28 PM
bnrkrnqb/pppppppp/8/8/8/8/PPPPPPPP/BNRKRNQB w KQkq - 0 1	f2f4	05:59:43 PM
nbbrkrnq/pppppppp/8/8/8/8/PPPPPPPP/NBBRKRNQ w KQkq - 0 1	d2d3	06:00:07 PM
nrbbkrnq/pppppppp/8/8/8/8/PPPPPPPP/NRBBKRNQ w KQkq - 0 1	e2e4	06:00:32 PM
nrbkrbnq/pppppppp/8/8/8/8/PPPPPPPP/NRBKRBNQ w KQkq - 0 1	e2e4	06:00:45 PM
nrbkrnqb/pppppppp/8/8/8/8/PPPPPPPP/NRBKRNQB w KQkq - 0 1	f2f4	06:00:55 PM
nbrkbrnq/pppppppp/8/8/8/8/PPPPPPPP/NBRKBRNQ w KQkq - 0 1	a1b3	06:01:05 PM
nrkbbrnq/pppppppp/8/8/8/8/PPPPPPPP/NRKBBRNQ w KQkq - 0 1	e2e4	06:01:27 PM
nrkrbbnq/pppppppp/8/8/8/8/PPPPPPPP/NRKRBBNQ w KQkq - 0 1	e2e4	06:01:49 PM
nrkrbnqb/pppppppp/8/8/8/8/PPPPPPPP/NRKRBNQB w KQkq - 0 1	f2f4	06:02:17 PM
nbrkrnbq/pppppppp/8/8/8/8/PPPPPPPP/NBRKRNBQ w KQkq - 0 1	g2g3	06:02:34 PM
nrkbrnbq/pppppppp/8/8/8/8/PPPPPPPP/NRKBRNBQ w KQkq - 0 1	a1b3	06:02:50 PM
nrkrnbbq/pppppppp/8/8/8/8/PPPPPPPP/NRKRNBBQ w KQkq - 0 1	f2f4	06:03:08 PM
nrkrnqbb/pppppppp/8/8/8/8/PPPPPPPP/NRKRNQBB w KQkq - 0 1	a1b3	06:03:23 PM
bbqrnnkr/pppppppp/8/8/8/8/PPPPPPPP/BBQRNNKR w KQkq - 0 1	c2c4	06:03:46 PM
bqrbnnkr/pppppppp/8/8/8/8/PPPPPPPP/BQRBNNKR w KQkq - 0 1	b2b4	06:03:59 PM
bqrnnbkr/pppppppp/8/8/8/8/PPPPPPPP/BQRNNBKR w KQkq - 0 1	b2b4	06:04:24 PM
bqrnnkrb/pppppppp/8/8/8/8/PPPPPPPP/BQRNNKRB w KQkq - 0 1	b2b4	06:04:34 PM
qbbrnnkr/pppppppp/8/8/8/8/PPPPPPPP/QBBRNNKR w KQkq - 0 1	c2c4	06:04:53 PM
qrbbnnkr/pppppppp/8/8/8/8/PPPPPPPP/QRBBNNKR w KQkq - 0 1	c2c4	06:05:22 PM
qrbnnbkr/pppppppp/8/8/8/8/PPPPPPPP/QRBNNBKR w KQkq - 0 1	b2b4	06:05:43 PM
qrbnnkrb/pppppppp/8/8/8/8/PPPPPPPP/QRBNNKRB w KQkq - 0 1	b2b3	06:06:09 PM
qbrnbnkr/pppppppp/8/8/8/8/PPPPPPPP/QBRNBNKR w KQkq - 0 1	b2b4	06:06:31 PM
qrnbbnkr/pppppppp/8/8/8/8/PPPPPPPP/QRNBBNKR w KQkq - 0 1	e2e4	06:06:47 PM
qrnnbbkr/pppppppp/8/8/8/8/PPPPPPPP/QRNNBBKR w KQkq - 0 1	c2c4	06:07:02 PM
qrnnbkrb/pppppppp/8/8/8/8/PPPPPPPP/QRNNBKRB w KQkq - 0 1	d2d4	06:07:27 PM
qbrnnkbr/pppppppp/8/8/8/8/PPPPPPPP/QBRNNKBR w KQkq - 0 1	d2d4	06:07:40 PM
qrnbnkbr/pppppppp/8/8/8/8/PPPPPPPP/QRNBNKBR w KQkq - 0 1	b2b3	06:07:57 PM
qrnnkbbr/pppppppp/8/8/8/8/PPPPPPPP/QRNNKBBR w KQkq - 0 1	e2e4	06:08:12 PM
qrnnkrbb/pppppppp/8/8/8/8/PPPPPPPP/QRNNKRBB w KQkq - 0 1	f2f4	06:08:48 PM
bbrqnnkr/pppppppp/8/8/8/8/PPPPPPPP/BBRQNNKR w KQkq - 0 1	b2b4	06:09:14 PM
brqbnnkr/pppppppp/8/8/8/8/PPPPPPPP/BRQBNNKR w KQkq - 0 1	b2b4	06:09:36 PM
brqnnbkr/pppppppp/8/8/8/8/PPPPPPPP/BRQNNBKR w KQkq - 0 1	c2c4	06:09:54 PM
brqnnkrb/pppppppp/8/8/8/8/PPPPPPPP/BRQNNKRB w KQkq - 0 1	d1e3	06:10:10 PM
rbbqnnkr/pppppppp/8/8/8/8/PPPPPPPP/RBBQNNKR w KQkq - 0 1	e2e4	06:10:21 PM
rqbbnnkr/pppppppp/8/8/8/8/PPPPPPPP/RQBBNNKR w KQkq - 0 1	d2d4	06:10:35 PM
rqbnnbkr/pppppppp/8/8/8/8/PPPPPPPP/RQBNNBKR w KQkq - 0 1	e2e4	06:10:46 PM
rqbnnkrb/pppppppp/8/8/8/8/PPPPPPPP/RQBNNKRB w KQkq - 0 1	d2d4	06:10:59 PM
rbqnbnkr/pppppppp/8/8/8/8/PPPPPPPP/RBQNBNKR w KQkq - 0 1	d2d4	06:11:11 PM
rqnbbnkr/pppppppp/8/8/8/8/PPPPPPPP/RQNBBNKR w KQkq - 0 1	e2e4	06:11:27 PM
rqnnbbkr/pppppppp/8/8/8/8/PPPPPPPP/RQNNBBKR w KQkq - 0 1	e2e4	06:11:38 PM
rqnnbkrb/pppppppp/8/8/8/8/PPPPPPPP/RQNNBKRB w KQkq - 0 1	e2e4	06:11:51 PM
rbqnnkbr/pppppppp/8/8/8/8/PPPPPPPP/RBQNNKBR w KQkq - 0 1	d2d4	06:12:04 PM
rqnbnkbr/pppppppp/8/8/8/8/PPPPPPPP/RQNBNKBR w KQkq - 0 1	e2e4	06:12:30 PM
rqnnkbbr/pppppppp/8/8/8/8/PPPPPPPP/RQNNKBBR w KQkq - 0 1	c2c3	06:12:39 PM
rqnnkrbb/pppppppp/8/8/8/8/PPPPPPPP/RQNNKRBB w KQkq - 0 1	e2e4	06:12:54 PM
bbrnqnkr/pppppppp/8/8/8/8/PPPPPPPP/BBRNQNKR w KQkq - 0 1	c2c4	06:13:13 PM
brnbqnkr/pppppppp/8/8/8/8/PPPPPPPP/BRNBQNKR w KQkq - 0 1	b2b3	06:13:47 PM
brnqnbkr/pppppppp/8/8/8/8/PPPPPPPP/BRNQNBKR w KQkq - 0 1	c2c4	06:13:55 PM
brnqnkrb/pppppppp/8/8/8/8/PPPPPPPP/BRNQNKRB w KQkq - 0 1	c2c4	06:14:07 PM
rbbnqnkr/pppppppp/8/8/8/8/PPPPPPPP/RBBNQNKR w KQkq - 0 1	e2e4	06:14:17 PM
rnbbqnkr/pppppppp/8/8/8/8/PPPPPPPP/RNBBQNKR w KQkq - 0 1	d2d4	06:14:30 PM
rnbqnbkr/pppppppp/8/8/8/8/PPPPPPPP/RNBQNBKR w KQkq - 0 1	c2c4	06:14:44 PM
rnbqnkrb/pppppppp/8/8/8/8/PPPPPPPP/RNBQNKRB w KQkq - 0 1	c2c4	06:14:50 PM
rbnqbnkr/pppppppp/8/8/8/8/PPPPPPPP/RBNQBNKR w KQkq - 0 1	e2e4	06:15:04 PM
rnqbbnkr/pppppppp/8/8/8/8/PPPPPPPP/RNQBBNKR w KQkq - 0 1	d2d4	06:15:18 PM
rnqnbbkr/pppppppp/8/8/8/8/PPPPPPPP/RNQNBBKR w KQkq - 0 1	d2d4	06:15:31 PM
rnqnbkrb/pppppppp/8/8/8/8/PPPPPPPP/RNQNBKRB w KQkq - 0 1	d2d4	06:15:49 PM
rbnqnkbr/pppppppp/8/8/8/8/PPPPPPPP/RBNQNKBR w KQkq - 0 1	e2e4	06:16:02 PM
rnqbnkbr/pppppppp/8/8/8/8/PPPPPPPP/RNQBNKBR w KQkq - 0 1	d2d4	06:16:19 PM
rnqnkbbr/pppppppp/8/8/8/8/PPPPPPPP/RNQNKBBR w KQkq - 0 1	d2d4	06:16:35 PM
rnqnkrbb/pppppppp/8/8/8/8/PPPPPPPP/RNQNKRBB w KQkq - 0 1	f2f4	06:16:49 PM
bbrnnqkr/pppppppp/8/8/8/8/PPPPPPPP/BBRNNQKR w KQkq - 0 1	c2c4	06:17:07 PM
brnbnqkr/pppppppp/8/8/8/8/PPPPPPPP/BRNBNQKR w KQkq - 0 1	e2e4	06:17:22 PM
brnnqbkr/pppppppp/8/8/8/8/PPPPPPPP/BRNNQBKR w KQkq - 0 1	d2d4	06:17:34 PM
brnnqkrb/pppppppp/8/8/8/8/PPPPPPPP/BRNNQKRB w KQkq - 0 1	e2e4	06:17:50 PM
rbbnnqkr/pppppppp/8/8/8/8/PPPPPPPP/RBBNNQKR w KQkq - 0 1	e2e4	06:17:57 PM
rnbbnqkr/pppppppp/8/8/8/8/PPPPPPPP/RNBBNQKR w KQkq - 0 1	d2d4	06:18:09 PM
rnbnqbkr/pppppppp/8/8/8/8/PPPPPPPP/RNBNQBKR w KQkq - 0 1	d2d4	06:18:20 PM
rnbnqkrb/pppppppp/8/8/8/8/PPPPPPPP/RNBNQKRB w KQkq - 0 1	f2f4	06:18:36 PM
rbnnbqkr/pppppppp/8/8/8/8/PPPPPPPP/RBNNBQKR w KQkq - 0 1	e2e4	06:18:54 PM
rnnbbqkr/pppppppp/8/8/8/8/PPPPPPPP/RNNBBQKR w KQkq - 0 1	d2d4	06:19:04 PM
rnnqbbkr/pppppppp/8/8/8/8/PPPPPPPP/RNNQBBKR w KQkq - 0 1	c2c4	06:19:18 PM
rnnqbkrb/pppppppp/8/8/8/8/PPPPPPPP/RNNQBKRB w KQkq - 0 1	d2d4	06:19:44 PM
rbnnqkbr/pppppppp/8/8/8/8/PPPPPPPP/RBNNQKBR w KQkq - 0 1	f2f3	06:19:52 PM
rnnbqkbr/pppppppp/8/8/8/8/PPPPPPPP/RNNBQKBR w KQkq - 0 1	e2e4	06:20:09 PM
rnnqkbbr/pppppppp/8/8/8/8/PPPPPPPP/RNNQKBBR w KQkq - 0 1	d2d4	06:20:25 PM
rnnqkrbb/pppppppp/8/8/8/8/PPPPPPPP/RNNQKRBB w KQkq - 0 1	e2e4	06:20:51 PM
bbrnnkqr/pppppppp/8/8/8/8/PPPPPPPP/BBRNNKQR w KQkq - 0 1	d2d4	06:21:04 PM
brnbnkqr/pppppppp/8/8/8/8/PPPPPPPP/BRNBNKQR w KQkq - 0 1	c2c4	06:21:12 PM
brnnkbqr/pppppppp/8/8/8/8/PPPPPPPP/BRNNKBQR w KQkq - 0 1	e2e4	06:21:30 PM
brnnkqrb/pppppppp/8/8/8/8/PPPPPPPP/BRNNKQRB w KQkq - 0 1	g2g4	06:21:58 PM
rbbnnkqr/pppppppp/8/8/8/8/PPPPPPPP/RBBNNKQR w KQkq - 0 1	c2c3	06:22:12 PM
rnbbnkqr/pppppppp/8/8/8/8/PPPPPPPP/RNBBNKQR w KQkq - 0 1	e2e4	06:22:25 PM
rnbnkbqr/pppppppp/8/8/8/8/PPPPPPPP/RNBNKBQR w KQkq - 0 1	b1c3	06:22:46 PM
rnbnkqrb/pppppppp/8/8/8/8/PPPPPPPP/RNBNKQRB w KQkq - 0 1	d2d4	06:23:02 PM
rbnnbkqr/pppppppp/8/8/8/8/PPPPPPPP/RBNNBKQR w KQkq - 0 1	f2f3	06:23:19 PM
rnnbbkqr/pppppppp/8/8/8/8/PPPPPPPP/RNNBBKQR w KQkq - 0 1	d2d4	06:23:34 PM
rnnkbbqr/pppppppp/8/8/8/8/PPPPPPPP/RNNKBBQR w KQkq - 0 1	d2d4	06:23:52 PM
rnnkbqrb/pppppppp/8/8/8/8/PPPPPPPP/RNNKBQRB w KQkq - 0 1	g2g4	06:24:09 PM
rbnnkqbr/pppppppp/8/8/8/8/PPPPPPPP/RBNNKQBR w KQkq - 0 1	e2e4	06:24:21 PM
rnnbkqbr/pppppppp/8/8/8/8/PPPPPPPP/RNNBKQBR w KQkq - 0 1	e2e4	06:24:30 PM
rnnkqbbr/pppppppp/8/8/8/8/PPPPPPPP/RNNKQBBR w KQkq - 0 1	d2d4	06:24:47 PM
rnnkqrbb/pppppppp/8/8/8/8/PPPPPPPP/RNNKQRBB w KQkq - 0 1	b1c3	06:24:56 PM
bbrnnkrq/pppppppp/8/8/8/8/PPPPPPPP/BBRNNKRQ w KQkq - 0 1	g2g4	06:25:13 PM
brnbnkrq/pppppppp/8/8/8/8/PPPPPPPP/BRNBNKRQ w KQkq - 0 1	g2g4	06:25:51 PM
brnnkbrq/pppppppp/8/8/8/8/PPPPPPPP/BRNNKBRQ w KQkq - 0 1	g2g3	06:26:11 PM
brnnkrqb/pppppppp/8/8/8/8/PPPPPPPP/BRNNKRQB w KQkq - 0 1	b2b3	06:26:29 PM
rbbnnkrq/pppppppp/8/8/8/8/PPPPPPPP/RBBNNKRQ w KQkq - 0 1	d2d4	06:26:45 PM
rnbbnkrq/pppppppp/8/8/8/8/PPPPPPPP/RNBBNKRQ w KQkq - 0 1	d2d4	06:27:03 PM
rnbnkbrq/pppppppp/8/8/8/8/PPPPPPPP/RNBNKBRQ w KQkq - 0 1	d2d4	06:27:15 PM
rnbnkrqb/pppppppp/8/8/8/8/PPPPPPPP/RNBNKRQB w KQkq - 0 1	f2f4	06:27:31 PM
rbnnbkrq/pppppppp/8/8/8/8/PPPPPPPP/RBNNBKRQ w KQkq - 0 1	g2g3	06:28:05 PM
rnnbbkrq/pppppppp/8/8/8/8/PPPPPPPP/RNNBBKRQ w KQkq - 0 1	d2d4	06:28:31 PM
rnnkbbrq/pppppppp/8/8/8/8/PPPPPPPP/RNNKBBRQ w KQkq - 0 1	b1c3	06:28:45 PM
rnnkbrqb/pppppppp/8/8/8/8/PPPPPPPP/RNNKBRQB w KQkq - 0 1	g2g4	06:29:01 PM
rbnnkrbq/pppppppp/8/8/8/8/PPPPPPPP/RBNNKRBQ w KQkq - 0 1	e2e4	06:29:11 PM
rnnbkrbq/pppppppp/8/8/8/8/PPPPPPPP/RNNBKRBQ w KQkq - 0 1	e2e4	06:29:33 PM
rnnkrbbq/pppppppp/8/8/8/8/PPPPPPPP/RNNKRBBQ w KQkq - 0 1	g2g3	06:29:47 PM
rnnkrqbb/pppppppp/8/8/8/8/PPPPPPPP/RNNKRQBB w KQkq - 0 1	e2e4	06:30:05 PM
bbqrnknr/pppppppp/8/8/8/8/PPPPPPPP/BBQRNKNR w KQkq - 0 1	b2b3	06:30:20 PM
bqrbnknr/pppppppp/8/8/8/8/PPPPPPPP/BQRBNKNR w KQkq - 0 1	b2b4	06:30:31 PM
bqrnkbnr/pppppppp/8/8/8/8/PPPPPPPP/BQRNKBNR w KQkq - 0 1	c2c4	06:30:42 PM
bqrnknrb/pppppppp/8/8/8/8/PPPPPPPP/BQRNKNRB w KQkq - 0 1	c2c4	06:31:02 PM
qbbrnknr/pppppppp/8/8/8/8/PPPPPPPP/QBBRNKNR w KQkq - 0 1	c2c4	06:31:19 PM
qrbbnknr/pppppppp/8/8/8/8/PPPPPPPP/QRBBNKNR w KQkq - 0 1	b2b4	06:31:30 PM
qrbnkbnr/pppppppp/8/8/8/8/PPPPPPPP/QRBNKBNR w KQkq - 0 1	g1f3	06:31:43 PM
qrbnknrb/pppppppp/8/8/8/8/PPPPPPPP/QRBNKNRB w KQkq - 0 1	b2b3	06:32:02 PM
qbrnbknr/pppppppp/8/8/8/8/PPPPPPPP/QBRNBKNR w KQkq - 0 1	c2c4	06:32:18 PM
qrnbbknr/pppppppp/8/8/8/8/PPPPPPPP/QRNBBKNR w KQkq - 0 1	c2c4	06:32:39 PM
qrnkbbnr/pppppppp/8/8/8/8/PPPPPPPP/QRNKBBNR w KQkq - 0 1	e2e4	06:32:47 PM
qrnkbnrb/pppppppp/8/8/8/8/PPPPPPPP/QRNKBNRB w KQkq - 0 1	f1e3	06:33:07 PM
qbrnknbr/pppppppp/8/8/8/8/PPPPPPPP/QBRNKNBR w KQkq - 0 1	c2c4	06:33:25 PM
qrnbknbr/pppppppp/8/8/8/8/PPPPPPPP/QRNBKNBR w KQkq - 0 1	e2e4	06:33:37 PM
qrnknbbr/pppppppp/8/8/8/8/PPPPPPPP/QRNKNBBR w KQkq - 0 1	e2e4	06:33:53 PM
qrnknrbb/pppppppp/8/8/8/8/PPPPPPPP/QRNKNRBB w KQkq - 0 1	f2f4	06:34:11 PM
bbrqnknr/pppppppp/8/8/8/8/PPPPPPPP/BBRQNKNR w KQkq - 0 1	c2c4	06:34:24 PM
brqbnknr/pppppppp/8/8/8/8/PPPPPPPP/BRQBNKNR w KQkq - 0 1	c2c4	06:34:33 PM
brqnkbnr/pppppppp/8/8/8/8/PPPPPPPP/BRQNKBNR w KQkq - 0 1	b2b4	06:34:41 PM
brqnknrb/pppppppp/8/8/8/8/PPPPPPPP/BRQNKNRB w KQkq - 0 1	b2b4	06:34:57 PM
rbbqnknr/pppppppp/8/8/8/8/PPPPPPPP/RBBQNKNR w KQkq - 0 1	d2d4	06:35:07 PM
rqbbnknr/pppppppp/8/8/8/8/PPPPPPPP/RQBBNKNR w KQkq - 0 1	d2d4	06:35:22 PM
rqbnkbnr/pppppppp/8/8/8/8/PPPPPPPP/RQBNKBNR w KQkq - 0 1	e2e4	06:35:32 PM
rqbnknrb/pppppppp/8/8/8/8/PPPPPPPP/RQBNKNRB w KQkq - 0 1	c2c3	06:35:52 PM
rbqnbknr/pppppppp/8/8/8/8/PPPPPPPP/RBQNBKNR w KQkq - 0 1	d2d4	06:36:07 PM
rqnbbknr/pppppppp/8/8/8/8/PPPPPPPP/RQNBBKNR w KQkq - 0 1	e2e4	06:36:20 PM
rqnkbbnr/pppppppp/8/8/8/8/PPPPPPPP/RQNKBBNR w KQkq - 0 1	c2c4	06:36:33 PM
rqnkbnrb/pppppppp/8/8/8/8/PPPPPPPP/RQNKBNRB w KQkq - 0 1	e2e4	06:36:55 PM
rbqnknbr/pppppppp/8/8/8/8/PPPPPPPP/RBQNKNBR w KQkq - 0 1	d2d4	06:37:06 PM
rqnbknbr/pppppppp/8/8/8/8/PPPPPPPP/RQNBKNBR w KQkq - 0 1	e2e4	06:37:16 PM
rqnknbbr/pppppppp/8/8/8/8/PPPPPPPP/RQNKNBBR w KQkq - 0 1	e2e4	06:37:34 PM
rqnknrbb/pppppppp/8/8/8/8/PPPPPPPP/RQNKNRBB w KQkq - 0 1	e2e4	06:37:58 PM
bbrnqknr/pppppppp/8/8/8/8/PPPPPPPP/BBRNQKNR w KQkq - 0 1	b2b4	06:38:20 PM
brnbqknr/pppppppp/8/8/8/8/PPPPPPPP/BRNBQKNR w KQkq - 0 1	b2b4	06:38:47 PM
brnqkbnr/pppppppp/8/8/8/8/PPPPPPPP/BRNQKBNR w KQkq - 0 1	c2c4	06:38:57 PM
brnqknrb/pppppppp/8/8/8/8/PPPPPPPP/BRNQKNRB w KQkq - 0 1	d2d4	06:39:13 PM
rbbnqknr/pppppppp/8/8/8/8/PPPPPPPP/RBBNQKNR w KQkq - 0 1	d2d4	06:39:28 PM
rnbbqknr/pppppppp/8/8/8/8/PPPPPPPP/RNBBQKNR w KQkq - 0 1	e2e4	06:39:38 PM
rnbqkbnr/pppppppp/8/8/8/8/PPPPPPPP/RNBQKBNR w KQkq - 0 1	e2e4	06:39:50 PM
rnbqknrb/pppppppp/8/8/8/8/PPPPPPPP/RNBQKNRB w KQkq - 0 1	e2e4	06:40:01 PM
rbnqbknr/pppppppp/8/8/8/8/PPPPPPPP/RBNQBKNR w KQkq - 0 1	d2d4	06:40:14 PM
rnqbbknr/pppppppp/8/8/8/8/PPPPPPPP/RNQBBKNR w KQkq - 0 1	d2d4	06:40:31 PM
rnqkbbnr/pppppppp/8/8/8/8/PPPPPPPP/RNQKBBNR w KQkq - 0 1	d2d4	06:40:40 PM
rnqkbnrb/pppppppp/8/8/8/8/PPPPPPPP/RNQKBNRB w KQkq - 0 1	f1e3	06:41:11 PM
rbnqknbr/pppppppp/8/8/8/8/PPPPPPPP/RBNQKNBR w KQkq - 0 1	e2e4	06:41:22 PM
rnqbknbr/pppppppp/8/8/8/8/PPPPPPPP/RNQBKNBR w KQkq - 0 1	d2d4	06:42:12 PM
rnqknbbr/pppppppp/8/8/8/8/PPPPPPPP/RNQKNBBR w KQkq - 0 1	d2d4	06:42:22 PM
rnqknrbb/pppppppp/8/8/8/8/PPPPPPPP/RNQKNRBB w KQkq - 0 1	f2f4	06:42:33 PM
bbrnkqnr/pppppppp/8/8/8/8/PPPPPPPP/BBRNKQNR w KQkq - 0 1	e2e3	06:42:46 PM
brnbkqnr/pppppppp/8/8/8/8/PPPPPPPP/BRNBKQNR w KQkq - 0 1	c2c4	06:43:03 PM
brnkqbnr/pppppppp/8/8/8/8/PPPPPPPP/BRNKQBNR w KQkq - 0 1	e2e4	06:43:14 PM
brnkqnrb/pppppppp/8/8/8/8/PPPPPPPP/BRNKQNRB w KQkq - 0 1	d2d4	06:43:37 PM
rbbnkqnr/pppppppp/8/8/8/8/PPPPPPPP/RBBNKQNR w KQkq - 0 1	e2e4	06:43:47 PM
rnbbkqnr/pppppppp/8/8/8/8/PPPPPPPP/RNBBKQNR w KQkq - 0 1	e2e4	06:43:59 PM
rnbkqbnr/pppppppp/8/8/8/8/PPPPPPPP/RNBKQBNR w KQkq - 0 1	d2d4	06:44:14 PM
rnbkqnrb/pppppppp/8/8/8/8/PPPPPPPP/RNBKQNRB w KQkq - 0 1	d2d3	06:44:22 PM
rbnkbqnr/pppppppp/8/8/8/8/PPPPPPPP/RBNKBQNR w KQkq - 0 1	e2e4	06:44:41 PM
rnkbbqnr/pppppppp/8/8/8/8/PPPPPPPP/RNKBBQNR w KQkq - 0 1	d2d4	06:44:53 PM
rnkqbbnr/pppppppp/8/8/8/8/PPPPPPPP/RNKQBBNR w KQkq - 0 1	d2d4	06:45:02 PM
rnkqbnrb/pppppppp/8/8/8/8/PPPPPPPP/RNKQBNRB w KQkq - 0 1	d2d4	06:45:27 PM
rbnkqnbr/pppppppp/8/8/8/8/PPPPPPPP/RBNKQNBR w KQkq - 0 1	e2e4	06:45:36 PM
rnkbqnbr/pppppppp/8/8/8/8/PPPPPPPP/RNKBQNBR w KQkq - 0 1	d2d4	06:45:46 PM
rnkqnbbr/pppppppp/8/8/8/8/PPPPPPPP/RNKQNBBR w KQkq - 0 1	d2d4	06:46:01 PM
rnkqnrbb/pppppppp/8/8/8/8/PPPPPPPP/RNKQNRBB w KQkq - 0 1	g2g4	06:46:26 PM
bbrnknqr/pppppppp/8/8/8/8/PPPPPPPP/BBRNKNQR w KQkq - 0 1	c2c4	06:46:45 PM
brnbknqr/pppppppp/8/8/8/8/PPPPPPPP/BRNBKNQR w KQkq - 0 1	f1g3	06:47:03 PM
brnknbqr/pppppppp/8/8/8/8/PPPPPPPP/BRNKNBQR w KQkq - 0 1	f2f3	06:47:29 PM
brnknqrb/pppppppp/8/8/8/8/PPPPPPPP/BRNKNQRB w KQkq - 0 1	c1d3	06:47:47 PM
rbbnknqr/pppppppp/8/8/8/8/PPPPPPPP/RBBNKNQR w KQkq - 0 1	f2f4	06:48:05 PM
rnbbknqr/pppppppp/8/8/8/8/PPPPPPPP/RNBBKNQR w KQkq - 0 1	e2e4	06:48:21 PM
rnbknbqr/pppppppp/8/8/8/8/PPPPPPPP/RNBKNBQR w KQkq - 0 1	d2d4	06:48:29 PM
rnbknqrb/pppppppp/8/8/8/8/PPPPPPPP/RNBKNQRB w KQkq - 0 1	b1c3	06:48:40 PM
rbnkbnqr/pppppppp/8/8/8/8/PPPPPPPP/RBNKBNQR w KQkq - 0 1	f2f3	06:48:52 PM
rnkbbnqr/pppppppp/8/8/8/8/PPPPPPPP/RNKBBNQR w KQkq - 0 1	b1c3	06:49:05 PM
rnknbbqr/pppppppp/8/8/8/8/PPPPPPPP/RNKNBBQR w KQkq - 0 1	d2d4	06:49:21 PM
rnknbqrb/pppppppp/8/8/8/8/PPPPPPPP/RNKNBQRB w KQkq - 0 1	g2g4	06:49:39 PM
rbnknqbr/pppppppp/8/8/8/8/PPPPPPPP/RBNKNQBR w KQkq - 0 1	e2e4	06:49:51 PM
rnkbnqbr/pppppppp/8/8/8/8/PPPPPPPP/RNKBNQBR w KQkq - 0 1	e2e4	06:50:13 PM
rnknqbbr/pppppppp/8/8/8/8/PPPPPPPP/RNKNQBBR w KQkq - 0 1	d2d4	06:50:21 PM
rnknqrbb/pppppppp/8/8/8/8/PPPPPPPP/RNKNQRBB w KQkq - 0 1	e2e4	06:50:38 PM
bbrnknrq/pppppppp/8/8/8/8/PPPPPPPP/BBRNKNRQ w KQkq - 0 1	g2g4	06:50:58 PM
brnbknrq/pppppppp/8/8/8/8/PPPPPPPP/BRNBKNRQ w KQkq - 0 1	e2e4	06:51:16 PM
brnknbrq/pppppppp/8/8/8/8/PPPPPPPP/BRNKNBRQ w KQkq - 0 1	g2g4	06:51:43 PM
brnknrqb/pppppppp/8/8/8/8/PPPPPPPP/BRNKNRQB w KQkq - 0 1	g2g4	06:52:08 PM
rbbnknrq/pppppppp/8/8/8/8/PPPPPPPP/RBBNKNRQ w KQkq - 0 1	d2d4	06:52:22 PM
rnbbknrq/pppppppp/8/8/8/8/PPPPPPPP/RNBBKNRQ w KQkq - 0 1	d2d4	06:52:32 PM
rnbknbrq/pppppppp/8/8/8/8/PPPPPPPP/RNBKNBRQ w KQkq - 0 1	g2g3	06:52:52 PM
rnbknrqb/pppppppp/8/8/8/8/PPPPPPPP/RNBKNRQB w KQkq - 0 1	f2f4	06:53:02 PM
rbnkbnrq/pppppppp/8/8/8/8/PPPPPPPP/RBNKBNRQ w KQkq - 0 1	g2g3	06:53:23 PM
rnkbbnrq/pppppppp/8/8/8/8/PPPPPPPP/RNKBBNRQ w KQkq - 0 1	d2d4	06:53:46 PM
rnknbbrq/pppppppp/8/8/8/8/PPPPPPPP/RNKNBBRQ w KQkq - 0 1	e2e3	06:53:56 PM
rnknbrqb/pppppppp/8/8/8/8/PPPPPPPP/RNKNBRQB w KQkq - 0 1	g2g4	06:54:09 PM
rbnknrbq/pppppppp/8/8/8/8/PPPPPPPP/RBNKNRBQ w KQkq - 0 1	g2g3	06:54:36 PM
rnkbnrbq/pppppppp/8/8/8/8/PPPPPPPP/RNKBNRBQ w KQkq - 0 1	e2e4	06:54:53 PM
rnknrbbq/pppppppp/8/8/8/8/PPPPPPPP/RNKNRBBQ w KQkq - 0 1	f2f4	06:55:09 PM
rnknrqbb/pppppppp/8/8/8/8/PPPPPPPP/RNKNRQBB w KQkq - 0 1	e2e4	06:55:21 PM
bbqrnkrn/pppppppp/8/8/8/8/PPPPPPPP/BBQRNKRN w KQkq - 0 1	c2c4	06:55:32 PM
bqrbnkrn/pppppppp/8/8/8/8/PPPPPPPP/BQRBNKRN w KQkq - 0 1	b2b4	06:55:51 PM
bqrnkbrn/pppppppp/8/8/8/8/PPPPPPPP/BQRNKBRN w KQkq - 0 1	c2c4	06:56:07 PM
bqrnkrnb/pppppppp/8/8/8/8/PPPPPPPP/BQRNKRNB w KQkq - 0 1	b2b4	06:56:17 PM
qbbrnkrn/pppppppp/8/8/8/8/PPPPPPPP/QBBRNKRN w KQkq - 0 1	b2b3	06:56:44 PM
qrbbnkrn/pppppppp/8/8/8/8/PPPPPPPP/QRBBNKRN w KQkq - 0 1	f1g1	06:56:55 PM
qrbnkbrn/pppppppp/8/8/8/8/PPPPPPPP/QRBNKBRN w KQkq - 0 1	h1g3	06:57:12 PM
qrbnkrnb/pppppppp/8/8/8/8/PPPPPPPP/QRBNKRNB w KQkq - 0 1	b2b4	06:57:32 PM
qbrnbkrn/pppppppp/8/8/8/8/PPPPPPPP/QBRNBKRN w KQkq - 0 1	c2c4	06:57:43 PM
qrnbbkrn/pppppppp/8/8/8/8/PPPPPPPP/QRNBBKRN w KQkq - 0 1	c2c4	06:57:58 PM
qrnkbbrn/pppppppp/8/8/8/8/PPPPPPPP/QRNKBBRN w KQkq - 0 1	e2e3	06:58:12 PM
qrnkbrnb/pppppppp/8/8/8/8/PPPPPPPP/QRNKBRNB w KQkq - 0 1	e2e4	06:58:23 PM
qbrnkrbn/pppppppp/8/8/8/8/PPPPPPPP/QBRNKRBN w KQkq - 0 1	h1g3	06:58:45 PM
qrnbkrbn/pppppppp/8/8/8/8/PPPPPPPP/QRNBKRBN w KQkq - 0 1	f2f3	06:58:53 PM
qrnkrbbn/pppppppp/8/8/8/8/PPPPPPPP/QRNKRBBN w KQkq - 0 1	f2f4	06:59:04 PM
qrnkrnbb/pppppppp/8/8/8/8/PPPPPPPP/QRNKRNBB w KQkq - 0 1	f2f4	06:59:22 PM
bbrqnkrn/pppppppp/8/8/8/8/PPPPPPPP/BBRQNKRN w KQkq - 0 1	c2c4	06:59:34 PM
brqbnkrn/pppppppp/8/8/8/8/PPPPPPPP/BRQBNKRN w KQkq - 0 1	b2b4	06:59:46 PM
brqnkbrn/pppppppp/8/8/8/8/PPPPPPPP/BRQNKBRN w KQkq - 0 1	b2b4	07:00:18 PM
brqnkrnb/pppppppp/8/8/8/8/PPPPPPPP/BRQNKRNB w KQkq - 0 1	b2b4	07:00:34 PM
rbbqnkrn/pppppppp/8/8/8/8/PPPPPPPP/RBBQNKRN w KQkq - 0 1	f1g1	07:00:44 PM
rqbbnkrn/pppppppp/8/8/8/8/PPPPPPPP/RQBBNKRN w KQkq - 0 1	d2d4	07:01:06 PM
rqbnkbrn/pppppppp/8/8/8/8/PPPPPPPP/RQBNKBRN w KQkq - 0 1	h1g3	07:01:28 PM
rqbnkrnb/pppppppp/8/8/8/8/PPPPPPPP/RQBNKRNB w KQkq - 0 1	c2c3	07:01:45 PM
rbqnbkrn/pppppppp/8/8/8/8/PPPPPPPP/RBQNBKRN w KQkq - 0 1	c2c4	07:01:54 PM
rqnbbkrn/pppppppp/8/8/8/8/PPPPPPPP/RQNBBKRN w KQkq - 0 1	e2e4	07:02:05 PM
rqnkbbrn/pppppppp/8/8/8/8/PPPPPPPP/RQNKBBRN w KQkq - 0 1	e2e3	07:02:21 PM
rqnkbrnb/pppppppp/8/8/8/8/PPPPPPPP/RQNKBRNB w KQkq - 0 1	g1f3	07:02:33 PM
rbqnkrbn/pppppppp/8/8/8/8/PPPPPPPP/RBQNKRBN w KQkq - 0 1	f2f4	07:02:49 PM
rqnbkrbn/pppppppp/8/8/8/8/PPPPPPPP/RQNBKRBN w KQkq - 0 1	h1g3	07:03:04 PM
rqnkrbbn/pppppppp/8/8/8/8/PPPPPPPP/RQNKRBBN w KQkq - 0 1	h1g3	07:03:18 PM
rqnkrnbb/pppppppp/8/8/8/8/PPPPPPPP/RQNKRNBB w KQkq - 0 1	c2c3	07:03:35 PM
bbrnqkrn/pppppppp/8/8/8/8/PPPPPPPP/BBRNQKRN w KQkq - 0 1	c2c4	07:03:52 PM
brnbqkrn/pppppppp/8/8/8/8/PPPPPPPP/BRNBQKRN w KQkq - 0 1	h1g3	07:04:04 PM
brnqkbrn/pppppppp/8/8/8/8/PPPPPPPP/BRNQKBRN w KQkq - 0 1	e2e3	07:04:15 PM
brnqkrnb/pppppppp/8/8/8/8/PPPPPPPP/BRNQKRNB w KQkq - 0 1	c2c4	07:04:36 PM
rbbnqkrn/pppppppp/8/8/8/8/PPPPPPPP/RBBNQKRN w KQkq - 0 1	f1g1	07:04:47 PM
rnbbqkrn/pppppppp/8/8/8/8/PPPPPPPP/RNBBQKRN w KQkq - 0 1	f2f4	07:05:04 PM
rnbqkbrn/pppppppp/8/8/8/8/PPPPPPPP/RNBQKBRN w KQkq - 0 1	e2e4	07:05:15 PM
rnbqkrnb/pppppppp/8/8/8/8/PPPPPPPP/RNBQKRNB w KQkq - 0 1	g1f3	07:05:25 PM
rbnqbkrn/pppppppp/8/8/8/8/PPPPPPPP/RBNQBKRN w KQkq - 0 1	c2c4	07:05:38 PM
rnqbbkrn/pppppppp/8/8/8/8/PPPPPPPP/RNQBBKRN w KQkq - 0 1	d2d4	07:05:50 PM
rnqkbbrn/pppppppp/8/8/8/8/PPPPPPPP/RNQKBBRN w KQkq - 0 1	d2d4	07:06:07 PM
rnqkbrnb/pppppppp/8/8/8/8/PPPPPPPP/RNQKBRNB w KQkq - 0 1	d2d4	07:06:28 PM
rbnqkrbn/pppppppp/8/8/8/8/PPPPPPPP/RBNQKRBN w KQkq - 0 1	f2f4	07:06:46 PM
rnqbkrbn/pppppppp/8/8/8/8/PPPPPPPP/RNQBKRBN w KQkq - 0 1	h1g3	07:07:09 PM
rnqkrbbn/pppppppp/8/8/8/8/PPPPPPPP/RNQKRBBN w KQkq - 0 1	d2d4	07:07:19 PM
rnqkrnbb/pppppppp/8/8/8/8/PPPPPPPP/RNQKRNBB w KQkq - 0 1	d2d4	07:07:37 PM
bbrnkqrn/pppppppp/8/8/8/8/PPPPPPPP/BBRNKQRN w KQkq - 0 1	c2c4	07:07:53 PM
brnbkqrn/pppppppp/8/8/8/8/PPPPPPPP/BRNBKQRN w KQkq - 0 1	g2g4	07:08:09 PM
brnkqbrn/pppppppp/8/8/8/8/PPPPPPPP/BRNKQBRN w KQkq - 0 1	e2e4	07:08:28 PM
brnkqrnb/pppppppp/8/8/8/8/PPPPPPPP/BRNKQRNB w KQkq - 0 1	f2f4	07:08:42 PM
rbbnkqrn/pppppppp/8/8/8/8/PPPPPPPP/RBBNKQRN w KQkq - 0 1	h1g3	07:08:56 PM
rnbbkqrn/pppppppp/8/8/8/8/PPPPPPPP/RNBBKQRN w KQkq - 0 1	d2d4	07:09:11 PM
rnbkqbrn/pppppppp/8/8/8/8/PPPPPPPP/RNBKQBRN w KQkq - 0 1	d2d4	07:09:23 PM
rnbkqrnb/pppppppp/8/8/8/8/PPPPPPPP/RNBKQRNB w KQkq - 0 1	f2f4	07:09:28 PM
rbnkbqrn/pppppppp/8/8/8/8/PPPPPPPP/RBNKBQRN w KQkq - 0 1	h1g3	07:09:48 PM
rnkbbqrn/pppppppp/8/8/8/8/PPPPPPPP/RNKBBQRN w KQkq - 0 1	f2f4	07:10:06 PM
rnkqbbrn/pppppppp/8/8/8/8/PPPPPPPP/RNKQBBRN w KQkq - 0 1	d2d4	07:10:24 PM
rnkqbrnb/pppppppp/8/8/8/8/PPPPPPPP/RNKQBRNB w KQkq - 0 1	f2f4	07:10:42 PM
rbnkqrbn/pppppppp/8/8/8/8/PPPPPPPP/RBNKQRBN w KQkq - 0 1	h1g3	07:11:14 PM
rnkbqrbn/pppppppp/8/8/8/8/PPPPPPPP/RNKBQRBN w KQkq - 0 1	e2e4	07:11:29 PM
rnkqrbbn/pppppppp/8/8/8/8/PPPPPPPP/RNKQRBBN w KQkq - 0 1	d2d4	07:11:40 PM
rnkqrnbb/pppppppp/8/8/8/8/PPPPPPPP/RNKQRNBB w KQkq - 0 1	e2e4	07:11:54 PM
bbrnkrqn/pppppppp/8/8/8/8/PPPPPPPP/BBRNKRQN w KQkq - 0 1	f2f4	07:12:18 PM
brnbkrqn/pppppppp/8/8/8/8/PPPPPPPP/BRNBKRQN w KQkq - 0 1	b2b3	07:12:39 PM
brnkrbqn/pppppppp/8/8/8/8/PPPPPPPP/BRNKRBQN w KQkq - 0 1	f2f4	07:12:51 PM
brnkrqnb/pppppppp/8/8/8/8/PPPPPPPP/BRNKRQNB w KQkq - 0 1	e2e4	07:13:09 PM
rbbnkrqn/pppppppp/8/8/8/8/PPPPPPPP/RBBNKRQN w KQkq - 0 1	f2f4	07:13:17 PM
rnbbkrqn/pppppppp/8/8/8/8/PPPPPPPP/RNBBKRQN w KQkq - 0 1	e2e4	07:13:33 PM
rnbkrbqn/pppppppp/8/8/8/8/PPPPPPPP/RNBKRBQN w KQkq - 0 1	d2d4	07:13:49 PM
rnbkrqnb/pppppppp/8/8/8/8/PPPPPPPP/RNBKRQNB w KQkq - 0 1	e2e4	07:13:59 PM
rbnkbrqn/pppppppp/8/8/8/8/PPPPPPPP/RBNKBRQN w KQkq - 0 1	f2f4	07:14:36 PM
rnkbbrqn/pppppppp/8/8/8/8/PPPPPPPP/RNKBBRQN w KQkq - 0 1	f2f4	07:14:47 PM
rnkrbbqn/pppppppp/8/8/8/8/PPPPPPPP/RNKRBBQN w KQkq - 0 1	d2d4	07:15:03 PM
rnkrbqnb/pppppppp/8/8/8/8/PPPPPPPP/RNKRBQNB w KQkq - 0 1	f2f4	07:15:14 PM
rbnkrqbn/pppppppp/8/8/8/8/PPPPPPPP/RBNKRQBN w KQkq - 0 1	f2f4	07:15:27 PM
rnkbrqbn/pppppppp/8/8/8/8/PPPPPPPP/RNKBRQBN w KQkq - 0 1	f2f4	07:15:41 PM
rnkrqbbn/pppppppp/8/8/8/8/PPPPPPPP/RNKRQBBN w KQkq - 0 1	e2e4	07:15:54 PM
rnkrqnbb/pppppppp/8/8/8/8/PPPPPPPP/RNKRQNBB w KQkq - 0 1	f2f4	07:16:04 PM
bbrnkrnq/pppppppp/8/8/8/8/PPPPPPPP/BBRNKRNQ w KQkq - 0 1	c2c4	07:16:17 PM
brnbkrnq/pppppppp/8/8/8/8/PPPPPPPP/BRNBKRNQ w KQkq - 0 1	e2e4	07:16:40 PM
brnkrbnq/pppppppp/8/8/8/8/PPPPPPPP/BRNKRBNQ w KQkq - 0 1	e2e4	07:16:52 PM
brnkrnqb/pppppppp/8/8/8/8/PPPPPPPP/BRNKRNQB w KQkq - 0 1	f2f4	07:17:07 PM
rbbnkrnq/pppppppp/8/8/8/8/PPPPPPPP/RBBNKRNQ w KQkq - 0 1	e2e4	07:17:21 PM
rnbbkrnq/pppppppp/8/8/8/8/PPPPPPPP/RNBBKRNQ w KQkq - 0 1	f2f4	07:17:34 PM
rnbkrbnq/pppppppp/8/8/8/8/PPPPPPPP/RNBKRBNQ w KQkq - 0 1	b1c3	07:17:42 PM
rnbkrnqb/pppppppp/8/8/8/8/PPPPPPPP/RNBKRNQB w KQkq - 0 1	g2g4	07:17:48 PM
rbnkbrnq/pppppppp/8/8/8/8/PPPPPPPP/RBNKBRNQ w KQkq - 0 1	g2g3	07:18:01 PM
rnkbbrnq/pppppppp/8/8/8/8/PPPPPPPP/RNKBBRNQ w KQkq - 0 1	e2e4	07:18:18 PM
rnkrbbnq/pppppppp/8/8/8/8/PPPPPPPP/RNKRBBNQ w KQkq - 0 1	e2e4	07:18:38 PM
rnkrbnqb/pppppppp/8/8/8/8/PPPPPPPP/RNKRBNQB w KQkq - 0 1	f2f4	07:18:54 PM
rbnkrnbq/pppppppp/8/8/8/8/PPPPPPPP/RBNKRNBQ w KQkq - 0 1	e2e4	07:19:04 PM
rnkbrnbq/pppppppp/8/8/8/8/PPPPPPPP/RNKBRNBQ w KQkq - 0 1	f2f4	07:19:15 PM
rnkrnbbq/pppppppp/8/8/8/8/PPPPPPPP/RNKRNBBQ w KQkq - 0 1	f2f4	07:19:34 PM
rnkrnqbb/pppppppp/8/8/8/8/PPPPPPPP/RNKRNQBB w KQkq - 0 1	g2g4	07:19:51 PM
bbqrknnr/pppppppp/8/8/8/8/PPPPPPPP/BBQRKNNR w KQkq - 0 1	b2b3	07:20:01 PM
bqrbknnr/pppppppp/8/8/8/8/PPPPPPPP/BQRBKNNR w KQkq - 0 1	b2b4	07:20:09 PM
bqrknbnr/pppppppp/8/8/8/8/PPPPPPPP/BQRKNBNR w KQkq - 0 1	b2b4	07:20:25 PM
bqrknnrb/pppppppp/8/8/8/8/PPPPPPPP/BQRKNNRB w KQkq - 0 1	b2b4	07:20:38 PM
qbbrknnr/pppppppp/8/8/8/8/PPPPPPPP/QBBRKNNR w KQkq - 0 1	d2d4	07:20:50 PM
qrbbknnr/pppppppp/8/8/8/8/PPPPPPPP/QRBBKNNR w KQkq - 0 1	b2b4	07:21:01 PM
qrbknbnr/pppppppp/8/8/8/8/PPPPPPPP/QRBKNBNR w KQkq - 0 1	e2e4	07:21:16 PM
qrbknnrb/pppppppp/8/8/8/8/PPPPPPPP/QRBKNNRB w KQkq - 0 1	g2g3	07:21:30 PM
qbrkbnnr/pppppppp/8/8/8/8/PPPPPPPP/QBRKBNNR w KQkq - 0 1	d2d4	07:21:47 PM
qrkbbnnr/pppppppp/8/8/8/8/PPPPPPPP/QRKBBNNR w KQkq - 0 1	b2b4	07:22:01 PM
qrknbbnr/pppppppp/8/8/8/8/PPPPPPPP/QRKNBBNR w KQkq - 0 1	a2a4	07:22:20 PM
qrknbnrb/pppppppp/8/8/8/8/PPPPPPPP/QRKNBNRB w KQkq - 0 1	a2a4	07:22:44 PM
qbrknnbr/pppppppp/8/8/8/8/PPPPPPPP/QBRKNNBR w KQkq - 0 1	c2c4	07:22:56 PM
qrkbnnbr/pppppppp/8/8/8/8/PPPPPPPP/QRKBNNBR w KQkq - 0 1	e2e4	07:23:14 PM
qrknnbbr/pppppppp/8/8/8/8/PPPPPPPP/QRKNNBBR w KQkq - 0 1	d2d4	07:23:34 PM
qrknnrbb/pppppppp/8/8/8/8/PPPPPPPP/QRKNNRBB w KQkq - 0 1	g2g3	07:23:49 PM
bbrqknnr/pppppppp/8/8/8/8/PPPPPPPP/BBRQKNNR w KQkq - 0 1	g1f3	07:24:06 PM
brqbknnr/pppppppp/8/8/8/8/PPPPPPPP/BRQBKNNR w KQkq - 0 1	b2b4	07:24:24 PM
brqknbnr/pppppppp/8/8/8/8/PPPPPPPP/BRQKNBNR w KQkq - 0 1	b2b4	07:24:50 PM
brqknnrb/pppppppp/8/8/8/8/PPPPPPPP/BRQKNNRB w KQkq - 0 1	d2d4	07:25:04 PM
rbbqknnr/pppppppp/8/8/8/8/PPPPPPPP/RBBQKNNR w KQkq - 0 1	g1f3	07:25:15 PM
rqbbknnr/pppppppp/8/8/8/8/PPPPPPPP/RQBBKNNR w KQkq - 0 1	e2e4	07:25:24 PM
rqbknbnr/pppppppp/8/8/8/8/PPPPPPPP/RQBKNBNR w KQkq - 0 1	e2e4	07:25:38 PM
rqbknnrb/pppppppp/8/8/8/8/PPPPPPPP/RQBKNNRB w KQkq - 0 1	e1f3	07:25:47 PM
rbqkbnnr/pppppppp/8/8/8/8/PPPPPPPP/RBQKBNNR w KQkq - 0 1	d2d4	07:25:59 PM
rqkbbnnr/pppppppp/8/8/8/8/PPPPPPPP/RQKBBNNR w KQkq - 0 1	d2d4	07:26:16 PM
rqknbbnr/pppppppp/8/8/8/8/PPPPPPPP/RQKNBBNR w KQkq - 0 1	d2d4	07:26:26 PM
rqknbnrb/pppppppp/8/8/8/8/PPPPPPPP/RQKNBNRB w KQkq - 0 1	c2c3	07:26:41 PM
rbqknnbr/pppppppp/8/8/8/8/PPPPPPPP/RBQKNNBR w KQkq - 0 1	d2d4	07:26:51 PM
rqkbnnbr/pppppppp/8/8/8/8/PPPPPPPP/RQKBNNBR w KQkq - 0 1	e2e4	07:27:05 PM
rqknnbbr/pppppppp/8/8/8/8/PPPPPPPP/RQKNNBBR w KQkq - 0 1	e2e3	07:27:26 PM
rqknnrbb/pppppppp/8/8/8/8/PPPPPPPP/RQKNNRBB w KQkq - 0 1	e2e4	07:27:39 PM
bbrkqnnr/pppppppp/8/8/8/8/PPPPPPPP/BBRKQNNR w KQkq - 0 1	d2d4	07:27:57 PM
brkbqnnr/pppppppp/8/8/8/8/PPPPPPPP/BRKBQNNR w KQkq - 0 1	f2f4	07:28:04 PM
brkqnbnr/pppppppp/8/8/8/8/PPPPPPPP/BRKQNBNR w KQkq - 0 1	g1f3	07:28:21 PM
brkqnnrb/pppppppp/8/8/8/8/PPPPPPPP/BRKQNNRB w KQkq - 0 1	g2g3	07:28:45 PM
rbbkqnnr/pppppppp/8/8/8/8/PPPPPPPP/RBBKQNNR w KQkq - 0 1	d2d4	07:28:55 PM
rkbbqnnr/pppppppp/8/8/8/8/PPPPPPPP/RKBBQNNR w KQkq - 0 1	e2e4	07:29:02 PM
rkbqnbnr/pppppppp/8/8/8/8/PPPPPPPP/RKBQNBNR w KQkq - 0 1	e2e4	07:29:12 PM
rkbqnnrb/pppppppp/8/8/8/8/PPPPPPPP/RKBQNNRB w KQkq - 0 1	e2e4	07:29:19 PM
rbkqbnnr/pppppppp/8/8/8/8/PPPPPPPP/RBKQBNNR w KQkq - 0 1	d2d4	07:29:35 PM
rkqbbnnr/pppppppp/8/8/8/8/PPPPPPPP/RKQBBNNR w KQkq - 0 1	e2e4	07:29:44 PM
rkqnbbnr/pppppppp/8/8/8/8/PPPPPPPP/RKQNBBNR w KQkq - 0 1	e2e4	07:29:55 PM
rkqnbnrb/pppppppp/8/8/8/8/PPPPPPPP/RKQNBNRB w KQkq - 0 1	d2d4	07:30:08 PM
rbkqnnbr/pppppppp/8/8/8/8/PPPPPPPP/RBKQNNBR w KQkq - 0 1	e2e4	07:30:20 PM
rkqbnnbr/pppppppp/8/8/8/8/PPPPPPPP/RKQBNNBR w KQkq - 0 1	d2d4	07:30:31 PM
rkqnnbbr/pppppppp/8/8/8/8/PPPPPPPP/RKQNNBBR w KQkq - 0 1	d2d4	07:30:41 PM
rkqnnrbb/pppppppp/8/8/8/8/PPPPPPPP/RKQNNRBB w KQkq - 0 1	f2f4	07:30:55 PM
bbrknqnr/pppppppp/8/8/8/8/PPPPPPPP/BBRKNQNR w KQkq - 0 1	c2c4	07:31:10 PM
brkbnqnr/pppppppp/8/8/8/8/PPPPPPPP/BRKBNQNR w KQkq - 0 1	g1f3	07:31:25 PM
brknqbnr/pppppppp/8/8/8/8/PPPPPPPP/BRKNQBNR w KQkq - 0 1	e2e4	07:31:39 PM
brknqnrb/pppppppp/8/8/8/8/PPPPPPPP/BRKNQNRB w KQkq - 0 1	d2d4	07:32:00 PM
rbbknqnr/pppppppp/8/8/8/8/PPPPPPPP/RBBKNQNR w KQkq - 0 1	e2e4	07:32:12 PM
rkbbnqnr/pppppppp/8/8/8/8/PPPPPPPP/RKBBNQNR w KQkq - 0 1	e2e4	07:32:20 PM
rkbnqbnr/pppppppp/8/8/8/8/PPPPPPPP/RKBNQBNR w KQkq - 0 1	d2d4	07:32:30 PM
rkbnqnrb/pppppppp/8/8/8/8/PPPPPPPP/RKBNQNRB w KQkq - 0 1	g2g4	07:32:48 PM
rbknbqnr/pppppppp/8/8/8/8/PPPPPPPP/RBKNBQNR w KQkq - 0 1	d2d4	07:33:00 PM
rknbbqnr/pppppppp/8/8/8/8/PPPPPPPP/RKNBBQNR w KQkq - 0 1	e2e4	07:33:13 PM
rknqbbnr/pppppppp/8/8/8/8/PPPPPPPP/RKNQBBNR w KQkq - 0 1	f2f3	07:33:23 PM
rknqbnrb/pppppppp/8/8/8/8/PPPPPPPP/RKNQBNRB w KQkq - 0 1	c1b3	07:33:34 PM
rbknqnbr/pppppppp/8/8/8/8/PPPPPPPP/RBKNQNBR w KQkq - 0 1	d2d4	07:33:51 PM
rknbqnbr/pppppppp/8/8/8/8/PPPPPPPP/RKNBQNBR w KQkq - 0 1	d2d4	07:34:04 PM
rknqnbbr/pppppppp/8/8/8/8/PPPPPPPP/RKNQNBBR w KQkq - 0 1	e2e4	07:34:16 PM
rknqnrbb/pppppppp/8/8/8/8/PPPPPPPP/RKNQNRBB w KQkq - 0 1	e2e4	07:34:37 PM
bbrknnqr/pppppppp/8/8/8/8/PPPPPPPP/BBRKNNQR w KQkq - 0 1	d2d4	07:34:52 PM
brkbnnqr/pppppppp/8/8/8/8/PPPPPPPP/BRKBNNQR w KQkq - 0 1	d2d4	07:35:03 PM
brknnbqr/pppppppp/8/8/8/8/PPPPPPPP/BRKNNBQR w KQkq - 0 1	e2e4	07:35:15 PM
brknnqrb/pppppppp/8/8/8/8/PPPPPPPP/BRKNNQRB w KQkq - 0 1	b2b4	07:35:36 PM
rbbknnqr/pppppppp/8/8/8/8/PPPPPPPP/RBBKNNQR w KQkq - 0 1	d2d4	07:35:51 PM
rkbbnnqr/pppppppp/8/8/8/8/PPPPPPPP/RKBBNNQR w KQkq - 0 1	e2e4	07:36:08 PM
rkbnnbqr/pppppppp/8/8/8/8/PPPPPPPP/RKBNNBQR w KQkq - 0 1	e2e4	07:36:18 PM
rkbnnqrb/pppppppp/8/8/8/8/PPPPPPPP/RKBNNQRB w KQkq - 0 1	a2a4	07:36:33 PM
rbknbnqr/pppppppp/8/8/8/8/PPPPPPPP/RBKNBNQR w KQkq - 0 1	d2d4	07:36:54 PM
rknbbnqr/pppppppp/8/8/8/8/PPPPPPPP/RKNBBNQR w KQkq - 0 1	e2e4	07:37:07 PM
rknnbbqr/pppppppp/8/8/8/8/PPPPPPPP/RKNNBBQR w KQkq - 0 1	d2d4	07:37:22 PM
rknnbqrb/pppppppp/8/8/8/8/PPPPPPPP/RKNNBQRB w KQkq - 0 1	g2g4	07:37:41 PM
rbknnqbr/pppppppp/8/8/8/8/PPPPPPPP/RBKNNQBR w KQkq - 0 1	e2e4	07:37:51 PM
rknbnqbr/pppppppp/8/8/8/8/PPPPPPPP/RKNBNQBR w KQkq - 0 1	e2e4	07:38:04 PM
rknnqbbr/pppppppp/8/8/8/8/PPPPPPPP/RKNNQBBR w KQkq - 0 1	d2d4	07:38:14 PM
rknnqrbb/pppppppp/8/8/8/8/PPPPPPPP/RKNNQRBB w KQkq - 0 1	e2e4	07:38:25 PM
bbrknnrq/pppppppp/8/8/8/8/PPPPPPPP/BBRKNNRQ w KQkq - 0 1	g2g4	07:38:43 PM
brkbnnrq/pppppppp/8/8/8/8/PPPPPPPP/BRKBNNRQ w KQkq - 0 1	e2e3	07:39:09 PM
brknnbrq/pppppppp/8/8/8/8/PPPPPPPP/BRKNNBRQ w KQkq - 0 1	g2g3	07:39:22 PM
brknnrqb/pppppppp/8/8/8/8/PPPPPPPP/BRKNNRQB w KQkq - 0 1	g2g4	07:39:37 PM
rbbknnrq/pppppppp/8/8/8/8/PPPPPPPP/RBBKNNRQ w KQkq - 0 1	d2d4	07:39:51 PM
rkbbnnrq/pppppppp/8/8/8/8/PPPPPPPP/RKBBNNRQ w KQkq - 0 1	e2e4	07:40:00 PM
rkbnnbrq/pppppppp/8/8/8/8/PPPPPPPP/RKBNNBRQ w KQkq - 0 1	a2a4	07:40:24 PM
rkbnnrqb/pppppppp/8/8/8/8/PPPPPPPP/RKBNNRQB w KQkq - 0 1	e2e4	07:40:40 PM
rbknbnrq/pppppppp/8/8/8/8/PPPPPPPP/RBKNBNRQ w KQkq - 0 1	d2d4	07:40:58 PM
rknbbnrq/pppppppp/8/8/8/8/PPPPPPPP/RKNBBNRQ w KQkq - 0 1	a2a4	07:41:20 PM
rknnbbrq/pppppppp/8/8/8/8/PPPPPPPP/RKNNBBRQ w KQkq - 0 1	g2g4	07:41:33 PM
rknnbrqb/pppppppp/8/8/8/8/PPPPPPPP/RKNNBRQB w KQkq - 0 1	f2f4	07:41:44 PM
rbknnrbq/pppppppp/8/8/8/8/PPPPPPPP/RBKNNRBQ w KQkq - 0 1	e2e4	07:41:53 PM
rknbnrbq/pppppppp/8/8/8/8/PPPPPPPP/RKNBNRBQ w KQkq - 0 1	e1d3	07:42:21 PM
rknnrbbq/pppppppp/8/8/8/8/PPPPPPPP/RKNNRBBQ w KQkq - 0 1	f2f4	07:42:34 PM
rknnrqbb/pppppppp/8/8/8/8/PPPPPPPP/RKNNRQBB w KQkq - 0 1	e2e4	07:42:49 PM
bbqrknrn/pppppppp/8/8/8/8/PPPPPPPP/BBQRKNRN w KQkq - 0 1	d2d4	07:42:57 PM
bqrbknrn/pppppppp/8/8/8/8/PPPPPPPP/BQRBKNRN w KQkq - 0 1	c2c4	07:43:18 PM
bqrknbrn/pppppppp/8/8/8/8/PPPPPPPP/BQRKNBRN w KQkq - 0 1	c2c4	07:43:31 PM
bqrknrnb/pppppppp/8/8/8/8/PPPPPPPP/BQRKNRNB w KQkq - 0 1	b2b4	07:43:48 PM
qbbrknrn/pppppppp/8/8/8/8/PPPPPPPP/QBBRKNRN w KQkq - 0 1	d2d4	07:44:02 PM
qrbbknrn/pppppppp/8/8/8/8/PPPPPPPP/QRBBKNRN w KQkq - 0 1	b2b4	07:44:16 PM
qrbknbrn/pppppppp/8/8/8/8/PPPPPPPP/QRBKNBRN w KQkq - 0 1	e2e4	07:44:31 PM
qrbknrnb/pppppppp/8/8/8/8/PPPPPPPP/QRBKNRNB w KQkq - 0 1	e2e4	07:44:44 PM
qbrkbnrn/pppppppp/8/8/8/8/PPPPPPPP/QBRKBNRN w KQkq - 0 1	c2c4	07:45:09 PM
qrkbbnrn/pppppppp/8/8/8/8/PPPPPPPP/QRKBBNRN w KQkq - 0 1	e2e4	07:45:34 PM
qrknbbrn/pppppppp/8/8/8/8/PPPPPPPP/QRKNBBRN w KQkq - 0 1	d2d4	07:45:53 PM
qrknbrnb/pppppppp/8/8/8/8/PPPPPPPP/QRKNBRNB w KQkq - 0 1	b2b4	07:46:13 PM
qbrknrbn/pppppppp/8/8/8/8/PPPPPPPP/QBRKNRBN w KQkq - 0 1	c2c4	07:46:21 PM
qrkbnrbn/pppppppp/8/8/8/8/PPPPPPPP/QRKBNRBN w KQkq - 0 1	f2f4	07:46:34 PM
qrknrbbn/pppppppp/8/8/8/8/PPPPPPPP/QRKNRBBN w KQkq - 0 1	d2d4	07:46:49 PM
qrknrnbb/pppppppp/8/8/8/8/PPPPPPPP/QRKNRNBB w KQkq - 0 1	g2g4	07:47:10 PM
bbrqknrn/pppppppp/8/8/8/8/PPPPPPPP/BBRQKNRN w KQkq - 0 1	c2c4	07:47:26 PM
brqbknrn/pppppppp/8/8/8/8/PPPPPPPP/BRQBKNRN w KQkq - 0 1	h1g3	07:47:56 PM
brqknbrn/pppppppp/8/8/8/8/PPPPPPPP/BRQKNBRN w KQkq - 0 1	c2c4	07:48:08 PM
brqknrnb/pppppppp/8/8/8/8/PPPPPPPP/BRQKNRNB w KQkq - 0 1	c2c4	07:48:25 PM
rbbqknrn/pppppppp/8/8/8/8/PPPPPPPP/RBBQKNRN w KQkq - 0 1	d2d4	07:48:35 PM
rqbbknrn/pppppppp/8/8/8/8/PPPPPPPP/RQBBKNRN w KQkq - 0 1	d2d4	07:48:48 PM
rqbknbrn/pppppppp/8/8/8/8/PPPPPPPP/RQBKNBRN w KQkq - 0 1	h1g3	07:49:10 PM
rqbknrnb/pppppppp/8/8/8/8/PPPPPPPP/RQBKNRNB w KQkq - 0 1	c2c3	07:49:22 PM
rbqkbnrn/pppppppp/8/8/8/8/PPPPPPPP/RBQKBNRN w KQkq - 0 1	d2d4	07:49:35 PM
rqkbbnrn/pppppppp/8/8/8/8/PPPPPPPP/RQKBBNRN w KQkq - 0 1	e2e3	07:49:56 PM
rqknbbrn/pppppppp/8/8/8/8/PPPPPPPP/RQKNBBRN w KQkq - 0 1	e2e3	07:50:09 PM
rqknbrnb/pppppppp/8/8/8/8/PPPPPPPP/RQKNBRNB w KQkq - 0 1	f2f4	07:50:30 PM
rbqknrbn/pppppppp/8/8/8/8/PPPPPPPP/RBQKNRBN w KQkq - 0 1	c2c4	07:50:47 PM
rqkbnrbn/pppppppp/8/8/8/8/PPPPPPPP/RQKBNRBN w KQkq - 0 1	f2f4	07:51:00 PM
rqknrbbn/pppppppp/8/8/8/8/PPPPPPPP/RQKNRBBN w KQkq - 0 1	d2d4	07:51:14 PM
rqknrnbb/pppppppp/8/8/8/8/PPPPPPPP/RQKNRNBB w KQkq - 0 1	h2h3	07:51:29 PM
bbrkqnrn/pppppppp/8/8/8/8/PPPPPPPP/BBRKQNRN w KQkq - 0 1	c2c4	07:51:44 PM
brkbqnrn/pppppppp/8/8/8/8/PPPPPPPP/BRKBQNRN w KQkq - 0 1	d2d4	07:51:55 PM
brkqnbrn/pppppppp/8/8/8/8/PPPPPPPP/BRKQNBRN w KQkq - 0 1	c2c4	07:52:10 PM
brkqnrnb/pppppppp/8/8/8/8/PPPPPPPP/BRKQNRNB w KQkq - 0 1	g1f3	07:52:27 PM
rbbkqnrn/pppppppp/8/8/8/8/PPPPPPPP/RBBKQNRN w KQkq - 0 1	c2c3	07:52:46 PM
rkbbqnrn/pppppppp/8/8/8/8/PPPPPPPP/RKBBQNRN w KQkq - 0 1	d2d4	07:52:55 PM
rkbqnbrn/pppppppp/8/8/8/8/PPPPPPPP/RKBQNBRN w KQkq - 0 1	e2e4	07:53:05 PM
rkbqnrnb/pppppppp/8/8/8/8/PPPPPPPP/RKBQNRNB w KQkq - 0 1	e2e4	07:53:15 PM
rbkqbnrn/pppppppp/8/8/8/8/PPPPPPPP/RBKQBNRN w KQkq - 0 1	e2e4	07:53:38 PM
rkqbbnrn/pppppppp/8/8/8/8/PPPPPPPP/RKQBBNRN w KQkq - 0 1	e2e4	07:53:45 PM
rkqnbbrn/pppppppp/8/8/8/8/PPPPPPPP/RKQNBBRN w KQkq - 0 1	e2e4	07:53:56 PM
rkqnbrnb/pppppppp/8/8/8/8/PPPPPPPP/RKQNBRNB w KQkq - 0 1	e2e4	07:54:08 PM
rbkqnrbn/pppppppp/8/8/8/8/PPPPPPPP/RBKQNRBN w KQkq - 0 1	f2f4	07:54:33 PM
rkqbnrbn/pppppppp/8/8/8/8/PPPPPPPP/RKQBNRBN w KQkq - 0 1	e2e4	07:54:45 PM
rkqnrbbn/pppppppp/8/8/8/8/PPPPPPPP/RKQNRBBN w KQkq - 0 1	d2d4	07:54:55 PM
rkqnrnbb/pppppppp/8/8/8/8/PPPPPPPP/RKQNRNBB w KQkq - 0 1	g2g3	07:55:08 PM
bbrknqrn/pppppppp/8/8/8/8/PPPPPPPP/BBRKNQRN w KQkq - 0 1	c2c4	07:55:21 PM
brkbnqrn/pppppppp/8/8/8/8/PPPPPPPP/BRKBNQRN w KQkq - 0 1	g2g4	07:55:40 PM
brknqbrn/pppppppp/8/8/8/8/PPPPPPPP/BRKNQBRN w KQkq - 0 1	d2d4	07:55:52 PM
brknqrnb/pppppppp/8/8/8/8/PPPPPPPP/BRKNQRNB w KQkq - 0 1	f2f4	07:56:08 PM
rbbknqrn/pppppppp/8/8/8/8/PPPPPPPP/RBBKNQRN w KQkq - 0 1	h1g3	07:56:21 PM
rkbbnqrn/pppppppp/8/8/8/8/PPPPPPPP/RKBBNQRN w KQkq - 0 1	e2e4	07:56:29 PM
rkbnqbrn/pppppppp/8/8/8/8/PPPPPPPP/RKBNQBRN w KQkq - 0 1	d2d4	07:56:41 PM
rkbnqrnb/pppppppp/8/8/8/8/PPPPPPPP/RKBNQRNB w KQkq - 0 1	e2e4	07:56:50 PM
rbknbqrn/pppppppp/8/8/8/8/PPPPPPPP/RBKNBQRN w KQkq - 0 1	c2c4	07:57:04 PM
rknbbqrn/pppppppp/8/8/8/8/PPPPPPPP/RKNBBQRN w KQkq - 0 1	a2a4	07:57:19 PM
rknqbbrn/pppppppp/8/8/8/8/PPPPPPPP/RKNQBBRN w KQkq - 0 1	a2a4	07:57:29 PM
rknqbrnb/pppppppp/8/8/8/8/PPPPPPPP/RKNQBRNB w KQkq - 0 1	e2e4	07:57:43 PM
rbknqrbn/pppppppp/8/8/8/8/PPPPPPPP/RBKNQRBN w KQkq - 0 1	e2e4	07:57:53 PM
rknbqrbn/pppppppp/8/8/8/8/PPPPPPPP/RKNBQRBN w KQkq - 0 1	f2f4	07:58:03 PM
rknqrbbn/pppppppp/8/8/8/8/PPPPPPPP/RKNQRBBN w KQkq - 0 1	e2e4	07:58:12 PM
rknqrnbb/pppppppp/8/8/8/8/PPPPPPPP/RKNQRNBB w KQkq - 0 1	f2f4	07:58:22 PM
bbrknrqn/pppppppp/8/8/8/8/PPPPPPPP/BBRKNRQN w KQkq - 0 1	c2c4	07:58:32 PM
brkbnrqn/pppppppp/8/8/8/8/PPPPPPPP/BRKBNRQN w KQkq - 0 1	f2f4	07:58:45 PM
brknrbqn/pppppppp/8/8/8/8/PPPPPPPP/BRKNRBQN w KQkq - 0 1	f2f3	07:58:54 PM
brknrqnb/pppppppp/8/8/8/8/PPPPPPPP/BRKNRQNB w KQkq - 0 1	e2e4	07:59:12 PM
rbbknrqn/pppppppp/8/8/8/8/PPPPPPPP/RBBKNRQN w KQkq - 0 1	e2e4	07:59:31 PM
rkbbnrqn/pppppppp/8/8/8/8/PPPPPPPP/RKBBNRQN w KQkq - 0 1	a2a4	07:59:41 PM
rkbnrbqn/pppppppp/8/8/8/8/PPPPPPPP/RKBNRBQN w KQkq - 0 1	d2d4	07:59:53 PM
rkbnrqnb/pppppppp/8/8/8/8/PPPPPPPP/RKBNRQNB w KQkq - 0 1	e2e4	08:00:03 PM
rbknbrqn/pppppppp/8/8/8/8/PPPPPPPP/RBKNBRQN w KQkq - 0 1	g2g4	08:00:16 PM
rknbbrqn/pppppppp/8/8/8/8/PPPPPPPP/RKNBBRQN w KQkq - 0 1	g2g4	08:00:26 PM
rknrbbqn/pppppppp/8/8/8/8/PPPPPPPP/RKNRBBQN w KQkq - 0 1	a2a4	08:00:34 PM
rknrbqnb/pppppppp/8/8/8/8/PPPPPPPP/RKNRBQNB w KQkq - 0 1	a2a4	08:00:52 PM
rbknrqbn/pppppppp/8/8/8/8/PPPPPPPP/RBKNRQBN w KQkq - 0 1	e2e4	08:01:03 PM
rknbrqbn/pppppppp/8/8/8/8/PPPPPPPP/RKNBRQBN w KQkq - 0 1	f2f4	08:01:17 PM
rknrqbbn/pppppppp/8/8/8/8/PPPPPPPP/RKNRQBBN w KQkq - 0 1	d2d4	08:01:31 PM
rknrqnbb/pppppppp/8/8/8/8/PPPPPPPP/RKNRQNBB w KQkq - 0 1	e2e4	08:01:42 PM
bbrknrnq/pppppppp/8/8/8/8/PPPPPPPP/BBRKNRNQ w KQkq - 0 1	c2c4	08:01:59 PM
brkbnrnq/pppppppp/8/8/8/8/PPPPPPPP/BRKBNRNQ w KQkq - 0 1	e2e4	08:02:16 PM
brknrbnq/pppppppp/8/8/8/8/PPPPPPPP/BRKNRBNQ w KQkq - 0 1	e2e4	08:02:29 PM
brknrnqb/pppppppp/8/8/8/8/PPPPPPPP/BRKNRNQB w KQkq - 0 1	f2f4	08:02:44 PM
rbbknrnq/pppppppp/8/8/8/8/PPPPPPPP/RBBKNRNQ w KQkq - 0 1	e2e4	08:03:04 PM
rkbbnrnq/pppppppp/8/8/8/8/PPPPPPPP/RKBBNRNQ w KQkq - 0 1	g2g4	08:03:29 PM
rkbnrbnq/pppppppp/8/8/8/8/PPPPPPPP/RKBNRBNQ w KQkq - 0 1	f2f4	08:03:49 PM
rkbnrnqb/pppppppp/8/8/8/8/PPPPPPPP/RKBNRNQB w KQkq - 0 1	f2f4	08:04:00 PM
rbknbrnq/pppppppp/8/8/8/8/PPPPPPPP/RBKNBRNQ w KQkq - 0 1	d2d4	08:04:11 PM
rknbbrnq/pppppppp/8/8/8/8/PPPPPPPP/RKNBBRNQ w KQkq - 0 1	e2e4	08:04:28 PM
rknrbbnq/pppppppp/8/8/8/8/PPPPPPPP/RKNRBBNQ w KQkq - 0 1	a2a4	08:04:43 PM
rknrbnqb/pppppppp/8/8/8/8/PPPPPPPP/RKNRBNQB w KQkq - 0 1	a2a4	08:04:55 PM
rbknrnbq/pppppppp/8/8/8/8/PPPPPPPP/RBKNRNBQ w KQkq - 0 1	c2c3	08:05:05 PM
rknbrnbq/pppppppp/8/8/8/8/PPPPPPPP/RKNBRNBQ w KQkq - 0 1	e2e4	08:05:18 PM
rknrnbbq/pppppppp/8/8/8/8/PPPPPPPP/RKNRNBBQ w KQkq - 0 1	f2f4	08:05:38 PM
rknrnqbb/pppppppp/8/8/8/8/PPPPPPPP/RKNRNQBB w KQkq - 0 1	e2e4	08:05:49 PM
bbqrkrnn/pppppppp/8/8/8/8/PPPPPPPP/BBQRKRNN w KQkq - 0 1	h1g3	08:06:04 PM
bqrbkrnn/pppppppp/8/8/8/8/PPPPPPPP/BQRBKRNN w KQkq - 0 1	b2b3	08:06:16 PM
bqrkrbnn/pppppppp/8/8/8/8/PPPPPPPP/BQRKRBNN w KQkq - 0 1	h1g3	08:06:30 PM
bqrkrnnb/pppppppp/8/8/8/8/PPPPPPPP/BQRKRNNB w KQkq - 0 1	b2b4	08:06:47 PM
qbbrkrnn/pppppppp/8/8/8/8/PPPPPPPP/QBBRKRNN w KQkq - 0 1	h1g3	08:06:53 PM
qrbbkrnn/pppppppp/8/8/8/8/PPPPPPPP/QRBBKRNN w KQkq - 0 1	h1g3	08:07:02 PM
qrbkrbnn/pppppppp/8/8/8/8/PPPPPPPP/QRBKRBNN w KQkq - 0 1	e2e4	08:07:24 PM
qrbkrnnb/pppppppp/8/8/8/8/PPPPPPPP/QRBKRNNB w KQkq - 0 1	b2b4	08:07:37 PM
qbrkbrnn/pppppppp/8/8/8/8/PPPPPPPP/QBRKBRNN w KQkq - 0 1	c2c4	08:07:59 PM
qrkbbrnn/pppppppp/8/8/8/8/PPPPPPPP/QRKBBRNN w KQkq - 0 1	b2b4	08:08:17 PM
qrkrbbnn/pppppppp/8/8/8/8/PPPPPPPP/QRKRBBNN w KQkq - 0 1	h1g3	08:08:31 PM
qrkrbnnb/pppppppp/8/8/8/8/PPPPPPPP/QRKRBNNB w KQkq - 0 1	b2b4	08:08:50 PM
qbrkrnbn/pppppppp/8/8/8/8/PPPPPPPP/QBRKRNBN w KQkq - 0 1	f2f3	08:09:12 PM
qrkbrnbn/pppppppp/8/8/8/8/PPPPPPPP/QRKBRNBN w KQkq - 0 1	h1g3	08:09:34 PM
qrkrnbbn/pppppppp/8/8/8/8/PPPPPPPP/QRKRNBBN w KQkq - 0 1	h1g3	08:10:04 PM
qrkrnnbb/pppppppp/8/8/8/8/PPPPPPPP/QRKRNNBB w KQkq - 0 1	f1e3	08:10:26 PM
bbrqkrnn/pppppppp/8/8/8/8/PPPPPPPP/BBRQKRNN w KQkq - 0 1	f2f4	08:10:50 PM
brqbkrnn/pppppppp/8/8/8/8/PPPPPPPP/BRQBKRNN w KQkq - 0 1	b2b3	08:10:58 PM
brqkrbnn/pppppppp/8/8/8/8/PPPPPPPP/BRQKRBNN w KQkq - 0 1	h1g3	08:11:24 PM
brqkrnnb/pppppppp/8/8/8/8/PPPPPPPP/BRQKRNNB w KQkq - 0 1	b2b4	08:11:49 PM
rbbqkrnn/pppppppp/8/8/8/8/PPPPPPPP/RBBQKRNN w KQkq - 0 1	c2c3	08:12:11 PM
rqbbkrnn/pppppppp/8/8/8/8/PPPPPPPP/RQBBKRNN w KQkq - 0 1	d2d4	08:12:20 PM
rqbkrbnn/pppppppp/8/8/8/8/PPPPPPPP/RQBKRBNN w KQkq - 0 1	e2e4	08:12:33 PM
rqbkrnnb/pppppppp/8/8/8/8/PPPPPPPP/RQBKRNNB w KQkq - 0 1	e2e4	08:12:53 PM
rbqkbrnn/pppppppp/8/8/8/8/PPPPPPPP/RBQKBRNN w KQkq - 0 1	d2d4	08:13:05 PM
rqkbbrnn/pppppppp/8/8/8/8/PPPPPPPP/RQKBBRNN w KQkq - 0 1	g2g4	08:13:19 PM
rqkrbbnn/pppppppp/8/8/8/8/PPPPPPPP/RQKRBBNN w KQkq - 0 1	c2c4	08:13:33 PM
rqkrbnnb/pppppppp/8/8/8/8/PPPPPPPP/RQKRBNNB w KQkq - 0 1	d2d4	08:13:56 PM
rbqkrnbn/pppppppp/8/8/8/8/PPPPPPPP/RBQKRNBN w KQkq - 0 1	h1g3	08:14:22 PM
rqkbrnbn/pppppppp/8/8/8/8/PPPPPPPP/RQKBRNBN w KQkq - 0 1	h1g3	08:14:34 PM
rqkrnbbn/pppppppp/8/8/8/8/PPPPPPPP/RQKRNBBN w KQkq - 0 1	h1g3	08:14:54 PM
rqkrnnbb/pppppppp/8/8/8/8/PPPPPPPP/RQKRNNBB w KQkq - 0 1	h2h3	08:15:09 PM
bbrkqrnn/pppppppp/8/8/8/8/PPPPPPPP/BBRKQRNN w KQkq - 0 1	f2f4	08:15:30 PM
brkbqrnn/pppppppp/8/8/8/8/PPPPPPPP/BRKBQRNN w KQkq - 0 1	b2b3	08:15:47 PM
brkqrbnn/pppppppp/8/8/8/8/PPPPPPPP/BRKQRBNN w KQkq - 0 1	e2e4	08:16:25 PM
brkqrnnb/pppppppp/8/8/8/8/PPPPPPPP/BRKQRNNB w KQkq - 0 1	d2d4	08:17:02 PM
rbbkqrnn/pppppppp/8/8/8/8/PPPPPPPP/RBBKQRNN w KQkq - 0 1	c2c4	08:17:29 PM
rkbbqrnn/pppppppp/8/8/8/8/PPPPPPPP/RKBBQRNN w KQkq - 0 1	e2e4	08:17:45 PM
rkbqrbnn/pppppppp/8/8/8/8/PPPPPPPP/RKBQRBNN w KQkq - 0 1	e2e4	08:17:54 PM
rkbqrnnb/pppppppp/8/8/8/8/PPPPPPPP/RKBQRNNB w KQkq - 0 1	d2d4	08:18:06 PM
rbkqbrnn/pppppppp/8/8/8/8/PPPPPPPP/RBKQBRNN w KQkq - 0 1	d2d4	08:18:35 PM
rkqbbrnn/pppppppp/8/8/8/8/PPPPPPPP/RKQBBRNN w KQkq - 0 1	e2e4	08:18:55 PM
rkqrbbnn/pppppppp/8/8/8/8/PPPPPPPP/RKQRBBNN w KQkq - 0 1	e2e4	08:19:07 PM
rkqrbnnb/pppppppp/8/8/8/8/PPPPPPPP/RKQRBNNB w KQkq - 0 1	e2e4	08:19:20 PM
rbkqrnbn/pppppppp/8/8/8/8/PPPPPPPP/RBKQRNBN w KQkq - 0 1	e2e4	08:19:30 PM
rkqbrnbn/pppppppp/8/8/8/8/PPPPPPPP/RKQBRNBN w KQkq - 0 1	e2e4	08:19:40 PM
rkqrnbbn/pppppppp/8/8/8/8/PPPPPPPP/RKQRNBBN w KQkq - 0 1	e2e4	08:19:49 PM
rkqrnnbb/pppppppp/8/8/8/8/PPPPPPPP/RKQRNNBB w KQkq - 0 1	e2e4	08:20:02 PM
bbrkrqnn/pppppppp/8/8/8/8/PPPPPPPP/BBRKRQNN w KQkq - 0 1	c2c4	08:20:14 PM
brkbrqnn/pppppppp/8/8/8/8/PPPPPPPP/BRKBRQNN w KQkq - 0 1	e2e4	08:20:25 PM
brkrqbnn/pppppppp/8/8/8/8/PPPPPPPP/BRKRQBNN w KQkq - 0 1	h1g3	08:20:41 PM
brkrqnnb/pppppppp/8/8/8/8/PPPPPPPP/BRKRQNNB w KQkq - 0 1	e2e4	08:20:55 PM
rbbkrqnn/pppppppp/8/8/8/8/PPPPPPPP/RBBKRQNN w KQkq - 0 1	e2e4	08:21:02 PM
rkbbrqnn/pppppppp/8/8/8/8/PPPPPPPP/RKBBRQNN w KQkq - 0 1	e2e4	08:21:13 PM
rkbrqbnn/pppppppp/8/8/8/8/PPPPPPPP/RKBRQBNN w KQkq - 0 1	e2e4	08:21:22 PM
rkbrqnnb/pppppppp/8/8/8/8/PPPPPPPP/RKBRQNNB w KQkq - 0 1	e2e4	08:21:31 PM
rbkrbqnn/pppppppp/8/8/8/8/PPPPPPPP/RBKRBQNN w KQkq - 0 1	f2f4	08:21:47 PM
rkrbbqnn/pppppppp/8/8/8/8/PPPPPPPP/RKRBBQNN w KQkq - 0 1	e2e4	08:21:57 PM
rkrqbbnn/pppppppp/8/8/8/8/PPPPPPPP/RKRQBBNN w KQkq - 0 1	c2c4	08:22:12 PM
rkrqbnnb/pppppppp/8/8/8/8/PPPPPPPP/RKRQBNNB w KQkq - 0 1	e2e4	08:22:23 PM
rbkrqnbn/pppppppp/8/8/8/8/PPPPPPPP/RBKRQNBN w KQkq - 0 1	d2d4	08:22:36 PM
rkrbqnbn/pppppppp/8/8/8/8/PPPPPPPP/RKRBQNBN w KQkq - 0 1	f2f4	08:22:48 PM
rkrqnbbn/pppppppp/8/8/8/8/PPPPPPPP/RKRQNBBN w KQkq - 0 1	e2e4	08:23:00 PM
rkrqnnbb/pppppppp/8/8/8/8/PPPPPPPP/RKRQNNBB w KQkq - 0 1	e2e4	08:23:12 PM
bbrkrnqn/pppppppp/8/8/8/8/PPPPPPPP/BBRKRNQN w KQkq - 0 1	c2c4	08:23:28 PM
brkbrnqn/pppppppp/8/8/8/8/PPPPPPPP/BRKBRNQN w KQkq - 0 1	e2e4	08:23:39 PM
brkrnbqn/pppppppp/8/8/8/8/PPPPPPPP/BRKRNBQN w KQkq - 0 1	b2b3	08:24:02 PM
brkrnqnb/pppppppp/8/8/8/8/PPPPPPPP/BRKRNQNB w KQkq - 0 1	d2d4	08:24:15 PM
rbbkrnqn/pppppppp/8/8/8/8/PPPPPPPP/RBBKRNQN w KQkq - 0 1	d2d4	08:24:29 PM
rkbbrnqn/pppppppp/8/8/8/8/PPPPPPPP/RKBBRNQN w KQkq - 0 1	f2f4	08:24:44 PM
rkbrnbqn/pppppppp/8/8/8/8/PPPPPPPP/RKBRNBQN w KQkq - 0 1	e2e4	08:24:54 PM
rkbrnqnb/pppppppp/8/8/8/8/PPPPPPPP/RKBRNQNB w KQkq - 0 1	e2e4	08:25:06 PM
rbkrbnqn/pppppppp/8/8/8/8/PPPPPPPP/RBKRBNQN w KQkq - 0 1	e2e4	08:25:17 PM
rkrbbnqn/pppppppp/8/8/8/8/PPPPPPPP/RKRBBNQN w KQkq - 0 1	h1g3	08:25:33 PM
rkrnbbqn/pppppppp/8/8/8/8/PPPPPPPP/RKRNBBQN w KQkq - 0 1	e2e4	08:25:45 PM
rkrnbqnb/pppppppp/8/8/8/8/PPPPPPPP/RKRNBQNB w KQkq - 0 1	e2e4	08:26:00 PM
rbkrnqbn/pppppppp/8/8/8/8/PPPPPPPP/RBKRNQBN w KQkq - 0 1	h1g3	08:26:12 PM
rkrbnqbn/pppppppp/8/8/8/8/PPPPPPPP/RKRBNQBN w KQkq - 0 1	e2e4	08:26:24 PM
rkrnqbbn/pppppppp/8/8/8/8/PPPPPPPP/RKRNQBBN w KQkq - 0 1	e2e4	08:26:36 PM
rkrnqnbb/pppppppp/8/8/8/8/PPPPPPPP/RKRNQNBB w KQkq - 0 1	f2f4	08:26:54 PM
bbrkrnnq/pppppppp/8/8/8/8/PPPPPPPP/BBRKRNNQ w KQkq - 0 1	b2b4	08:27:22 PM
brkbrnnq/pppppppp/8/8/8/8/PPPPPPPP/BRKBRNNQ w KQkq - 0 1	e2e4	08:27:37 PM
brkrnbnq/pppppppp/8/8/8/8/PPPPPPPP/BRKRNBNQ w KQkq - 0 1	g2g3	08:27:52 PM
brkrnnqb/pppppppp/8/8/8/8/PPPPPPPP/BRKRNNQB w KQkq - 0 1	e2e4	08:28:11 PM
rbbkrnnq/pppppppp/8/8/8/8/PPPPPPPP/RBBKRNNQ w KQkq - 0 1	e2e4	08:28:29 PM
rkbbrnnq/pppppppp/8/8/8/8/PPPPPPPP/RKBBRNNQ w KQkq - 0 1	e2e4	08:28:39 PM
rkbrnbnq/pppppppp/8/8/8/8/PPPPPPPP/RKBRNBNQ w KQkq - 0 1	e2e4	08:28:52 PM
rkbrnnqb/pppppppp/8/8/8/8/PPPPPPPP/RKBRNNQB w KQkq - 0 1	e2e4	08:29:06 PM
rbkrbnnq/pppppppp/8/8/8/8/PPPPPPPP/RBKRBNNQ w KQkq - 0 1	e2e4	08:29:22 PM
rkrbbnnq/pppppppp/8/8/8/8/PPPPPPPP/RKRBBNNQ w KQkq - 0 1	e2e4	08:29:40 PM
rkrnbbnq/pppppppp/8/8/8/8/PPPPPPPP/RKRNBBNQ w KQkq - 0 1	g2g4	08:29:55 PM
rkrnbnqb/pppppppp/8/8/8/8/PPPPPPPP/RKRNBNQB w KQkq - 0 1	g2g4	08:30:07 PM
rbkrnnbq/pppppppp/8/8/8/8/PPPPPPPP/RBKRNNBQ w KQkq - 0 1	e2e4	08:30:17 PM
rkrbnnbq/pppppppp/8/8/8/8/PPPPPPPP/RKRBNNBQ w KQkq - 0 1	e2e4	08:30:28 PM
rkrnnbbq/pppppppp/8/8/8/8/PPPPPPPP/RKRNNBBQ w KQkq - 0 1	e2e4	08:30:41 PM
rkrnnqbb/pppppppp/8/8/8/8/PPPPPPPP/RKRNNQBB w KQkq - 0 1	e2e4	08:30:59 PM
